[2026-04-17 16:29:31] laravel.EMERGENCY: Unable to create configured logger. Using emergency logger. {"exception":"[object] (InvalidArgumentException(code: 0): Log [] is not defined. at D:/new -1 tax/taxlegal/backend/vendor/laravel/framework/src/Illuminate/Log/LogManager.php:212)
[stacktrace]
#0 D:/new -1 tax/taxlegal/backend/vendor/laravel/framework/src/Illuminate/Log/LogManager.php(137): Illuminate/Log/LogManager->resolve()
#1 D:/new -1 tax/taxlegal/backend/vendor/laravel/framework/src/Illuminate/Log/LogManager.php(124): Illuminate/Log/LogManager->get()
#2 D:/new -1 tax/taxlegal/backend/vendor/laravel/framework/src/Illuminate/Log/LogManager.php(681): Illuminate/Log/LogManager->driver()
#3 D:/new -1 tax/taxlegal/backend/vendor/laravel/framework/src/Illuminate/Foundation/Exceptions/Handler.php(317): Illuminate/Log/LogManager->error()
#4 D:/new -1 tax/taxlegal/backend/vendor/laravel/framework/src/Illuminate/Foundation/Exceptions/Handler.php(278): Illuminate/Foundation/Exceptions/Handler->reportThrowable()
#5 D:/new -1 tax/taxlegal/backend/vendor/laravel/framework/src/Illuminate/Routing/Pipeline.php(49): Illuminate/Foundation/Exceptions/Handler->report()
#6 D:/new -1 tax/taxlegal/backend/vendor/laravel/framework/src/Illuminate/Pipeline/Pipeline.php(188): Illuminate/Routing/Pipeline->handleException()
#7 D:/new -1 tax/taxlegal/backend/vendor/laravel/framework/src/Illuminate/Pipeline/Pipeline.php(119): Illuminate/Pipeline/Pipeline->{closure:{closure:Illuminate/Pipeline/Pipeline::carry():158}:159}()
#8 D:/new -1 tax/taxlegal/backend/vendor/laravel/framework/src/Illuminate/Foundation/Http/Kernel.php(175): Illuminate/Pipeline/Pipeline->then()
#9 D:/new -1 tax/taxlegal/backend/vendor/laravel/framework/src/Illuminate/Foundation/Http/Kernel.php(144): Illuminate/Foundation/Http/Kernel->sendRequestThroughRouter()
#10 D:/new -1 tax/taxlegal/backend/public/index.php(50): Illuminate/Foundation/Http/Kernel->handle()
#11 D:/new -1 tax/taxlegal/backend/vendor/laravel/framework/src/Illuminate/Foundation/resources/server.php(16): require_once('...')
#12 {main}
"} 
[2026-04-17 16:29:31] laravel.ERROR: Target class [App\Http\Middleware\TrustProxies] does not exist. {"exception":"[object] (Illuminate\\Contracts\\Container\\BindingResolutionException(code: 0): Target class [App\\Http\\Middleware\\TrustProxies] does not exist. at D:/new -1 tax/taxlegal/backend/vendor/laravel/framework/src/Illuminate/Container/Container.php:914)
[stacktrace]
#0 D:/new -1 tax/taxlegal/backend/vendor/laravel/framework/src/Illuminate/Container/Container.php(795): Illuminate/Container/Container->build()
#1 D:/new -1 tax/taxlegal/backend/vendor/laravel/framework/src/Illuminate/Foundation/Application.php(986): Illuminate/Container/Container->resolve()
#2 D:/new -1 tax/taxlegal/backend/vendor/laravel/framework/src/Illuminate/Container/Container.php(731): Illuminate/Foundation/Application->resolve()
#3 D:/new -1 tax/taxlegal/backend/vendor/laravel/framework/src/Illuminate/Foundation/Application.php(971): Illuminate/Container/Container->make()
#4 D:/new -1 tax/taxlegal/backend/vendor/laravel/framework/src/Illuminate/Pipeline/Pipeline.php(172): Illuminate/Foundation/Application->make()
#5 D:/new -1 tax/taxlegal/backend/vendor/laravel/framework/src/Illuminate/Pipeline/Pipeline.php(119): Illuminate/Pipeline/Pipeline->{closure:{closure:Illuminate/Pipeline/Pipeline::carry():158}:159}()
#6 D:/new -1 tax/taxlegal/backend/vendor/laravel/framework/src/Illuminate/Foundation/Http/Kernel.php(175): Illuminate/Pipeline/Pipeline->then()
#7 D:/new -1 tax/taxlegal/backend/vendor/laravel/framework/src/Illuminate/Foundation/Http/Kernel.php(144): Illuminate/Foundation/Http/Kernel->sendRequestThroughRouter()
#8 D:/new -1 tax/taxlegal/backend/public/index.php(50): Illuminate/Foundation/Http/Kernel->handle()
#9 D:/new -1 tax/taxlegal/backend/vendor/laravel/framework/src/Illuminate/Foundation/resources/server.php(16): require_once('...')
#10 {main}

[previous exception] [object] (ReflectionException(code: -1): Class \"App\\Http\\Middleware\\TrustProxies\" does not exist at D:/new -1 tax/taxlegal/backend/vendor/laravel/framework/src/Illuminate/Container/Container.php:912)
[stacktrace]
#0 D:/new -1 tax/taxlegal/backend/vendor/laravel/framework/src/Illuminate/Container/Container.php(912): ReflectionClass->__construct()
#1 D:/new -1 tax/taxlegal/backend/vendor/laravel/framework/src/Illuminate/Container/Container.php(795): Illuminate/Container/Container->build()
#2 D:/new -1 tax/taxlegal/backend/vendor/laravel/framework/src/Illuminate/Foundation/Application.php(986): Illuminate/Container/Container->resolve()
#3 D:/new -1 tax/taxlegal/backend/vendor/laravel/framework/src/Illuminate/Container/Container.php(731): Illuminate/Foundation/Application->resolve()
#4 D:/new -1 tax/taxlegal/backend/vendor/laravel/framework/src/Illuminate/Foundation/Application.php(971): Illuminate/Container/Container->make()
#5 D:/new -1 tax/taxlegal/backend/vendor/laravel/framework/src/Illuminate/Pipeline/Pipeline.php(172): Illuminate/Foundation/Application->make()
#6 D:/new -1 tax/taxlegal/backend/vendor/laravel/framework/src/Illuminate/Pipeline/Pipeline.php(119): Illuminate/Pipeline/Pipeline->{closure:{closure:Illuminate/Pipeline/Pipeline::carry():158}:159}()
#7 D:/new -1 tax/taxlegal/backend/vendor/laravel/framework/src/Illuminate/Foundation/Http/Kernel.php(175): Illuminate/Pipeline/Pipeline->then()
#8 D:/new -1 tax/taxlegal/backend/vendor/laravel/framework/src/Illuminate/Foundation/Http/Kernel.php(144): Illuminate/Foundation/Http/Kernel->sendRequestThroughRouter()
#9 D:/new -1 tax/taxlegal/backend/public/index.php(50): Illuminate/Foundation/Http/Kernel->handle()
#10 D:/new -1 tax/taxlegal/backend/vendor/laravel/framework/src/Illuminate/Foundation/resources/server.php(16): require_once('...')
#11 {main}
"} 
[2026-04-17 16:29:31] laravel.EMERGENCY: Unable to create configured logger. Using emergency logger. {"exception":"[object] (InvalidArgumentException(code: 0): Log [] is not defined. at D:/new -1 tax/taxlegal/backend/vendor/laravel/framework/src/Illuminate/Log/LogManager.php:212)
[stacktrace]
#0 D:/new -1 tax/taxlegal/backend/vendor/laravel/framework/src/Illuminate/Log/LogManager.php(137): Illuminate/Log/LogManager->resolve()
#1 D:/new -1 tax/taxlegal/backend/vendor/laravel/framework/src/Illuminate/Log/LogManager.php(124): Illuminate/Log/LogManager->get()
#2 D:/new -1 tax/taxlegal/backend/vendor/laravel/framework/src/Illuminate/Log/LogManager.php(681): Illuminate/Log/LogManager->driver()
#3 D:/new -1 tax/taxlegal/backend/vendor/laravel/framework/src/Illuminate/Foundation/Exceptions/Handler.php(317): Illuminate/Log/LogManager->error()
#4 D:/new -1 tax/taxlegal/backend/vendor/laravel/framework/src/Illuminate/Foundation/Exceptions/Handler.php(278): Illuminate/Foundation/Exceptions/Handler->reportThrowable()
#5 D:/new -1 tax/taxlegal/backend/vendor/laravel/framework/src/Illuminate/Foundation/Bootstrap/HandleExceptions.php(183): Illuminate/Foundation/Exceptions/Handler->report()
#6 D:/new -1 tax/taxlegal/backend/vendor/laravel/framework/src/Illuminate/Foundation/Bootstrap/HandleExceptions.php(255): Illuminate/Foundation/Bootstrap/HandleExceptions->handleException()
#7 [internal function]: Illuminate/Foundation/Bootstrap/HandleExceptions->{closure:Illuminate/Foundation/Bootstrap/HandleExceptions::forwardsTo():254}()
#8 {main}
"} 
[2026-04-17 16:29:31] laravel.ERROR: Target class [App\Http\Middleware\TrustProxies] does not exist. {"exception":"[object] (Illuminate\\Contracts\\Container\\BindingResolutionException(code: 0): Target class [App\\Http\\Middleware\\TrustProxies] does not exist. at D:/new -1 tax/taxlegal/backend/vendor/laravel/framework/src/Illuminate/Container/Container.php:914)
[stacktrace]
#0 D:/new -1 tax/taxlegal/backend/vendor/laravel/framework/src/Illuminate/Container/Container.php(795): Illuminate/Container/Container->build()
#1 D:/new -1 tax/taxlegal/backend/vendor/laravel/framework/src/Illuminate/Foundation/Application.php(986): Illuminate/Container/Container->resolve()
#2 D:/new -1 tax/taxlegal/backend/vendor/laravel/framework/src/Illuminate/Container/Container.php(731): Illuminate/Foundation/Application->resolve()
#3 D:/new -1 tax/taxlegal/backend/vendor/laravel/framework/src/Illuminate/Foundation/Application.php(971): Illuminate/Container/Container->make()
#4 D:/new -1 tax/taxlegal/backend/vendor/laravel/framework/src/Illuminate/Foundation/Http/Kernel.php(255): Illuminate/Foundation/Application->make()
#5 D:/new -1 tax/taxlegal/backend/vendor/laravel/framework/src/Illuminate/Foundation/Http/Kernel.php(213): Illuminate/Foundation/Http/Kernel->terminateMiddleware()
#6 D:/new -1 tax/taxlegal/backend/public/index.php(54): Illuminate/Foundation/Http/Kernel->terminate()
#7 D:/new -1 tax/taxlegal/backend/vendor/laravel/framework/src/Illuminate/Foundation/resources/server.php(16): require_once('...')
#8 {main}

[previous exception] [object] (ReflectionException(code: -1): Class \"App\\Http\\Middleware\\TrustProxies\" does not exist at D:/new -1 tax/taxlegal/backend/vendor/laravel/framework/src/Illuminate/Container/Container.php:912)
[stacktrace]
#0 D:/new -1 tax/taxlegal/backend/vendor/laravel/framework/src/Illuminate/Container/Container.php(912): ReflectionClass->__construct()
#1 D:/new -1 tax/taxlegal/backend/vendor/laravel/framework/src/Illuminate/Container/Container.php(795): Illuminate/Container/Container->build()
#2 D:/new -1 tax/taxlegal/backend/vendor/laravel/framework/src/Illuminate/Foundation/Application.php(986): Illuminate/Container/Container->resolve()
#3 D:/new -1 tax/taxlegal/backend/vendor/laravel/framework/src/Illuminate/Container/Container.php(731): Illuminate/Foundation/Application->resolve()
#4 D:/new -1 tax/taxlegal/backend/vendor/laravel/framework/src/Illuminate/Foundation/Application.php(971): Illuminate/Container/Container->make()
#5 D:/new -1 tax/taxlegal/backend/vendor/laravel/framework/src/Illuminate/Foundation/Http/Kernel.php(255): Illuminate/Foundation/Application->make()
#6 D:/new -1 tax/taxlegal/backend/vendor/laravel/framework/src/Illuminate/Foundation/Http/Kernel.php(213): Illuminate/Foundation/Http/Kernel->terminateMiddleware()
#7 D:/new -1 tax/taxlegal/backend/public/index.php(54): Illuminate/Foundation/Http/Kernel->terminate()
#8 D:/new -1 tax/taxlegal/backend/vendor/laravel/framework/src/Illuminate/Foundation/resources/server.php(16): require_once('...')
#9 {main}
"} 
[2026-04-17 16:30:52] laravel.EMERGENCY: Unable to create configured logger. Using emergency logger. {"exception":"[object] (InvalidArgumentException(code: 0): Log [] is not defined. at D:/new -1 tax/taxlegal/backend/vendor/laravel/framework/src/Illuminate/Log/LogManager.php:212)
[stacktrace]
#0 D:/new -1 tax/taxlegal/backend/vendor/laravel/framework/src/Illuminate/Log/LogManager.php(137): Illuminate/Log/LogManager->resolve()
#1 D:/new -1 tax/taxlegal/backend/vendor/laravel/framework/src/Illuminate/Log/LogManager.php(124): Illuminate/Log/LogManager->get()
#2 D:/new -1 tax/taxlegal/backend/vendor/laravel/framework/src/Illuminate/Log/LogManager.php(681): Illuminate/Log/LogManager->driver()
#3 D:/new -1 tax/taxlegal/backend/vendor/laravel/framework/src/Illuminate/Foundation/Exceptions/Handler.php(317): Illuminate/Log/LogManager->error()
#4 D:/new -1 tax/taxlegal/backend/vendor/laravel/framework/src/Illuminate/Foundation/Exceptions/Handler.php(278): Illuminate/Foundation/Exceptions/Handler->reportThrowable()
#5 D:/new -1 tax/taxlegal/backend/vendor/laravel/framework/src/Illuminate/Routing/Pipeline.php(49): Illuminate/Foundation/Exceptions/Handler->report()
#6 D:/new -1 tax/taxlegal/backend/vendor/laravel/framework/src/Illuminate/Pipeline/Pipeline.php(188): Illuminate/Routing/Pipeline->handleException()
#7 D:/new -1 tax/taxlegal/backend/vendor/laravel/framework/src/Illuminate/Foundation/Http/Middleware/ValidatePostSize.php(27): Illuminate/Pipeline/Pipeline->{closure:{closure:Illuminate/Pipeline/Pipeline::carry():158}:159}()
#8 D:/new -1 tax/taxlegal/backend/vendor/laravel/framework/src/Illuminate/Pipeline/Pipeline.php(183): Illuminate/Foundation/Http/Middleware/ValidatePostSize->handle()
#9 D:/new -1 tax/taxlegal/backend/vendor/laravel/framework/src/Illuminate/Http/Middleware/HandleCors.php(49): Illuminate/Pipeline/Pipeline->{closure:{closure:Illuminate/Pipeline/Pipeline::carry():158}:159}()
#10 D:/new -1 tax/taxlegal/backend/vendor/laravel/framework/src/Illuminate/Pipeline/Pipeline.php(183): Illuminate/Http/Middleware/HandleCors->handle()
#11 D:/new -1 tax/taxlegal/backend/vendor/laravel/framework/src/Illuminate/Pipeline/Pipeline.php(119): Illuminate/Pipeline/Pipeline->{closure:{closure:Illuminate/Pipeline/Pipeline::carry():158}:159}()
#12 D:/new -1 tax/taxlegal/backend/vendor/laravel/framework/src/Illuminate/Foundation/Http/Kernel.php(175): Illuminate/Pipeline/Pipeline->then()
#13 D:/new -1 tax/taxlegal/backend/vendor/laravel/framework/src/Illuminate/Foundation/Http/Kernel.php(144): Illuminate/Foundation/Http/Kernel->sendRequestThroughRouter()
#14 D:/new -1 tax/taxlegal/backend/public/index.php(50): Illuminate/Foundation/Http/Kernel->handle()
#15 D:/new -1 tax/taxlegal/backend/vendor/laravel/framework/src/Illuminate/Foundation/resources/server.php(16): require_once('...')
#16 {main}
"} 
[2026-04-17 16:30:52] laravel.ERROR: Please provide a valid cache path. {"exception":"[object] (InvalidArgumentException(code: 0): Please provide a valid cache path. at D:/new -1 tax/taxlegal/backend/vendor/laravel/framework/src/Illuminate/View/Compilers/Compiler.php:67)
[stacktrace]
#0 D:/new -1 tax/taxlegal/backend/vendor/laravel/framework/src/Illuminate/View/ViewServiceProvider.php(97): Illuminate/View/Compilers/Compiler->__construct()
#1 D:/new -1 tax/taxlegal/backend/vendor/laravel/framework/src/Illuminate/Container/Container.php(908): Illuminate/View/ViewServiceProvider->{closure:Illuminate/View/ViewServiceProvider::registerBladeCompiler():96}()
#2 D:/new -1 tax/taxlegal/backend/vendor/laravel/framework/src/Illuminate/Container/Container.php(795): Illuminate/Container/Container->build()
#3 D:/new -1 tax/taxlegal/backend/vendor/laravel/framework/src/Illuminate/Foundation/Application.php(986): Illuminate/Container/Container->resolve()
#4 D:/new -1 tax/taxlegal/backend/vendor/laravel/framework/src/Illuminate/Container/Container.php(731): Illuminate/Foundation/Application->resolve()
#5 D:/new -1 tax/taxlegal/backend/vendor/laravel/framework/src/Illuminate/Foundation/Application.php(971): Illuminate/Container/Container->make()
#6 D:/new -1 tax/taxlegal/backend/vendor/laravel/framework/src/Illuminate/View/ViewServiceProvider.php(168): Illuminate/Foundation/Application->make()
#7 [internal function]: Illuminate/View/ViewServiceProvider->{closure:Illuminate/View/ViewServiceProvider::registerBladeEngine():164}()
#8 D:/new -1 tax/taxlegal/backend/vendor/laravel/framework/src/Illuminate/View/Engines/EngineResolver.php(55): call_user_func()
#9 D:/new -1 tax/taxlegal/backend/vendor/laravel/framework/src/Illuminate/View/Factory.php(310): Illuminate/View/Engines/EngineResolver->resolve()
#10 D:/new -1 tax/taxlegal/backend/vendor/laravel/framework/src/Illuminate/View/Factory.php(274): Illuminate/View/Factory->getEngineFromPath()
#11 D:/new -1 tax/taxlegal/backend/vendor/laravel/framework/src/Illuminate/View/Factory.php(146): Illuminate/View/Factory->viewInstance()
#12 D:/new -1 tax/taxlegal/backend/vendor/laravel/framework/src/Illuminate/Routing/ResponseFactory.php(88): Illuminate/View/Factory->make()
#13 D:/new -1 tax/taxlegal/backend/vendor/laravel/framework/src/Illuminate/Foundation/Exceptions/Handler.php(723): Illuminate/Routing/ResponseFactory->view()
#14 D:/new -1 tax/taxlegal/backend/vendor/laravel/framework/src/Illuminate/Foundation/Exceptions/Handler.php(650): Illuminate/Foundation/Exceptions/Handler->renderHttpException()
#15 D:/new -1 tax/taxlegal/backend/vendor/laravel/framework/src/Illuminate/Foundation/Exceptions/Handler.php(556): Illuminate/Foundation/Exceptions/Handler->prepareResponse()
#16 D:/new -1 tax/taxlegal/backend/vendor/laravel/framework/src/Illuminate/Foundation/Exceptions/Handler.php(473): Illuminate/Foundation/Exceptions/Handler->renderExceptionResponse()
#17 D:/new -1 tax/taxlegal/backend/vendor/laravel/framework/src/Illuminate/Routing/Pipeline.php(51): Illuminate/Foundation/Exceptions/Handler->render()
#18 D:/new -1 tax/taxlegal/backend/vendor/laravel/framework/src/Illuminate/Pipeline/Pipeline.php(146): Illuminate/Routing/Pipeline->handleException()
#19 D:/new -1 tax/taxlegal/backend/vendor/laravel/framework/src/Illuminate/Foundation/Http/Middleware/TransformsRequest.php(21): Illuminate/Pipeline/Pipeline->{closure:Illuminate/Pipeline/Pipeline::prepareDestination():142}()
#20 D:/new -1 tax/taxlegal/backend/vendor/laravel/framework/src/Illuminate/Foundation/Http/Middleware/ConvertEmptyStringsToNull.php(31): Illuminate/Foundation/Http/Middleware/TransformsRequest->handle()
#21 D:/new -1 tax/taxlegal/backend/vendor/laravel/framework/src/Illuminate/Pipeline/Pipeline.php(183): Illuminate/Foundation/Http/Middleware/ConvertEmptyStringsToNull->handle()
#22 D:/new -1 tax/taxlegal/backend/vendor/laravel/framework/src/Illuminate/Foundation/Http/Middleware/ValidatePostSize.php(27): Illuminate/Pipeline/Pipeline->{closure:{closure:Illuminate/Pipeline/Pipeline::carry():158}:159}()
#23 D:/new -1 tax/taxlegal/backend/vendor/laravel/framework/src/Illuminate/Pipeline/Pipeline.php(183): Illuminate/Foundation/Http/Middleware/ValidatePostSize->handle()
#24 D:/new -1 tax/taxlegal/backend/vendor/laravel/framework/src/Illuminate/Http/Middleware/HandleCors.php(49): Illuminate/Pipeline/Pipeline->{closure:{closure:Illuminate/Pipeline/Pipeline::carry():158}:159}()
#25 D:/new -1 tax/taxlegal/backend/vendor/laravel/framework/src/Illuminate/Pipeline/Pipeline.php(183): Illuminate/Http/Middleware/HandleCors->handle()
#26 D:/new -1 tax/taxlegal/backend/vendor/laravel/framework/src/Illuminate/Pipeline/Pipeline.php(119): Illuminate/Pipeline/Pipeline->{closure:{closure:Illuminate/Pipeline/Pipeline::carry():158}:159}()
#27 D:/new -1 tax/taxlegal/backend/vendor/laravel/framework/src/Illuminate/Foundation/Http/Kernel.php(175): Illuminate/Pipeline/Pipeline->then()
#28 D:/new -1 tax/taxlegal/backend/vendor/laravel/framework/src/Illuminate/Foundation/Http/Kernel.php(144): Illuminate/Foundation/Http/Kernel->sendRequestThroughRouter()
#29 D:/new -1 tax/taxlegal/backend/public/index.php(50): Illuminate/Foundation/Http/Kernel->handle()
#30 D:/new -1 tax/taxlegal/backend/vendor/laravel/framework/src/Illuminate/Foundation/resources/server.php(16): require_once('...')
#31 {main}
"} 
[2026-04-17 16:58:23] laravel.EMERGENCY: Unable to create configured logger. Using emergency logger. {"exception":"[object] (InvalidArgumentException(code: 0): Log [] is not defined. at D:/new -1 tax/taxlegal/backend/vendor/laravel/framework/src/Illuminate/Log/LogManager.php:212)
[stacktrace]
#0 D:/new -1 tax/taxlegal/backend/vendor/laravel/framework/src/Illuminate/Log/LogManager.php(137): Illuminate/Log/LogManager->resolve()
#1 D:/new -1 tax/taxlegal/backend/vendor/laravel/framework/src/Illuminate/Log/LogManager.php(124): Illuminate/Log/LogManager->get()
#2 D:/new -1 tax/taxlegal/backend/vendor/laravel/framework/src/Illuminate/Log/LogManager.php(681): Illuminate/Log/LogManager->driver()
#3 D:/new -1 tax/taxlegal/backend/vendor/laravel/framework/src/Illuminate/Foundation/Exceptions/Handler.php(317): Illuminate/Log/LogManager->error()
#4 D:/new -1 tax/taxlegal/backend/vendor/laravel/framework/src/Illuminate/Foundation/Exceptions/Handler.php(278): Illuminate/Foundation/Exceptions/Handler->reportThrowable()
#5 D:/new -1 tax/taxlegal/backend/vendor/laravel/framework/src/Illuminate/Routing/Pipeline.php(49): Illuminate/Foundation/Exceptions/Handler->report()
#6 D:/new -1 tax/taxlegal/backend/vendor/laravel/framework/src/Illuminate/Pipeline/Pipeline.php(188): Illuminate/Routing/Pipeline->handleException()
#7 D:/new -1 tax/taxlegal/backend/vendor/laravel/framework/src/Illuminate/Routing/Middleware/SubstituteBindings.php(50): Illuminate/Pipeline/Pipeline->{closure:{closure:Illuminate/Pipeline/Pipeline::carry():158}:159}()
#8 D:/new -1 tax/taxlegal/backend/vendor/laravel/framework/src/Illuminate/Pipeline/Pipeline.php(183): Illuminate/Routing/Middleware/SubstituteBindings->handle()
#9 D:/new -1 tax/taxlegal/backend/vendor/laravel/framework/src/Illuminate/Routing/Middleware/ThrottleRequests.php(159): Illuminate/Pipeline/Pipeline->{closure:{closure:Illuminate/Pipeline/Pipeline::carry():158}:159}()
#10 D:/new -1 tax/taxlegal/backend/vendor/laravel/framework/src/Illuminate/Routing/Middleware/ThrottleRequests.php(125): Illuminate/Routing/Middleware/ThrottleRequests->handleRequest()
#11 D:/new -1 tax/taxlegal/backend/vendor/laravel/framework/src/Illuminate/Routing/Middleware/ThrottleRequests.php(87): Illuminate/Routing/Middleware/ThrottleRequests->handleRequestUsingNamedLimiter()
#12 D:/new -1 tax/taxlegal/backend/vendor/laravel/framework/src/Illuminate/Pipeline/Pipeline.php(183): Illuminate/Routing/Middleware/ThrottleRequests->handle()
#13 D:/new -1 tax/taxlegal/backend/vendor/laravel/framework/src/Illuminate/Pipeline/Pipeline.php(119): Illuminate/Pipeline/Pipeline->{closure:{closure:Illuminate/Pipeline/Pipeline::carry():158}:159}()
#14 D:/new -1 tax/taxlegal/backend/vendor/laravel/framework/src/Illuminate/Routing/Router.php(805): Illuminate/Pipeline/Pipeline->then()
#15 D:/new -1 tax/taxlegal/backend/vendor/laravel/framework/src/Illuminate/Routing/Router.php(784): Illuminate/Routing/Router->runRouteWithinStack()
#16 D:/new -1 tax/taxlegal/backend/vendor/laravel/framework/src/Illuminate/Routing/Router.php(748): Illuminate/Routing/Router->runRoute()
#17 D:/new -1 tax/taxlegal/backend/vendor/laravel/framework/src/Illuminate/Routing/Router.php(737): Illuminate/Routing/Router->dispatchToRoute()
#18 D:/new -1 tax/taxlegal/backend/vendor/laravel/framework/src/Illuminate/Foundation/Http/Kernel.php(200): Illuminate/Routing/Router->dispatch()
#19 D:/new -1 tax/taxlegal/backend/vendor/laravel/framework/src/Illuminate/Pipeline/Pipeline.php(144): Illuminate/Foundation/Http/Kernel->{closure:Illuminate/Foundation/Http/Kernel::dispatchToRouter():197}()
#20 D:/new -1 tax/taxlegal/backend/vendor/laravel/framework/src/Illuminate/Foundation/Http/Middleware/TransformsRequest.php(21): Illuminate/Pipeline/Pipeline->{closure:Illuminate/Pipeline/Pipeline::prepareDestination():142}()
#21 D:/new -1 tax/taxlegal/backend/vendor/laravel/framework/src/Illuminate/Foundation/Http/Middleware/ConvertEmptyStringsToNull.php(31): Illuminate/Foundation/Http/Middleware/TransformsRequest->handle()
#22 D:/new -1 tax/taxlegal/backend/vendor/laravel/framework/src/Illuminate/Pipeline/Pipeline.php(183): Illuminate/Foundation/Http/Middleware/ConvertEmptyStringsToNull->handle()
#23 D:/new -1 tax/taxlegal/backend/vendor/laravel/framework/src/Illuminate/Foundation/Http/Middleware/ValidatePostSize.php(27): Illuminate/Pipeline/Pipeline->{closure:{closure:Illuminate/Pipeline/Pipeline::carry():158}:159}()
#24 D:/new -1 tax/taxlegal/backend/vendor/laravel/framework/src/Illuminate/Pipeline/Pipeline.php(183): Illuminate/Foundation/Http/Middleware/ValidatePostSize->handle()
#25 D:/new -1 tax/taxlegal/backend/vendor/laravel/framework/src/Illuminate/Http/Middleware/HandleCors.php(62): Illuminate/Pipeline/Pipeline->{closure:{closure:Illuminate/Pipeline/Pipeline::carry():158}:159}()
#26 D:/new -1 tax/taxlegal/backend/vendor/laravel/framework/src/Illuminate/Pipeline/Pipeline.php(183): Illuminate/Http/Middleware/HandleCors->handle()
#27 D:/new -1 tax/taxlegal/backend/vendor/laravel/framework/src/Illuminate/Pipeline/Pipeline.php(119): Illuminate/Pipeline/Pipeline->{closure:{closure:Illuminate/Pipeline/Pipeline::carry():158}:159}()
#28 D:/new -1 tax/taxlegal/backend/vendor/laravel/framework/src/Illuminate/Foundation/Http/Kernel.php(175): Illuminate/Pipeline/Pipeline->then()
#29 D:/new -1 tax/taxlegal/backend/vendor/laravel/framework/src/Illuminate/Foundation/Http/Kernel.php(144): Illuminate/Foundation/Http/Kernel->sendRequestThroughRouter()
#30 D:/new -1 tax/taxlegal/backend/public/index.php(50): Illuminate/Foundation/Http/Kernel->handle()
#31 D:/new -1 tax/taxlegal/backend/vendor/laravel/framework/src/Illuminate/Foundation/resources/server.php(16): require_once('...')
#32 {main}
"} 
[2026-04-17 16:58:23] laravel.ERROR: Object of type Illuminate\Auth\AuthManager is not callable {"exception":"[object] (Error(code: 0): Object of type Illuminate\\Auth\\AuthManager is not callable at D:/new -1 tax/taxlegal/backend/vendor/laravel/framework/src/Illuminate/Pipeline/Pipeline.php:184)
[stacktrace]
#0 D:/new -1 tax/taxlegal/backend/vendor/laravel/framework/src/Illuminate/Routing/Middleware/SubstituteBindings.php(50): Illuminate/Pipeline/Pipeline->{closure:{closure:Illuminate/Pipeline/Pipeline::carry():158}:159}()
#1 D:/new -1 tax/taxlegal/backend/vendor/laravel/framework/src/Illuminate/Pipeline/Pipeline.php(183): Illuminate/Routing/Middleware/SubstituteBindings->handle()
#2 D:/new -1 tax/taxlegal/backend/vendor/laravel/framework/src/Illuminate/Routing/Middleware/ThrottleRequests.php(159): Illuminate/Pipeline/Pipeline->{closure:{closure:Illuminate/Pipeline/Pipeline::carry():158}:159}()
#3 D:/new -1 tax/taxlegal/backend/vendor/laravel/framework/src/Illuminate/Routing/Middleware/ThrottleRequests.php(125): Illuminate/Routing/Middleware/ThrottleRequests->handleRequest()
#4 D:/new -1 tax/taxlegal/backend/vendor/laravel/framework/src/Illuminate/Routing/Middleware/ThrottleRequests.php(87): Illuminate/Routing/Middleware/ThrottleRequests->handleRequestUsingNamedLimiter()
#5 D:/new -1 tax/taxlegal/backend/vendor/laravel/framework/src/Illuminate/Pipeline/Pipeline.php(183): Illuminate/Routing/Middleware/ThrottleRequests->handle()
#6 D:/new -1 tax/taxlegal/backend/vendor/laravel/framework/src/Illuminate/Pipeline/Pipeline.php(119): Illuminate/Pipeline/Pipeline->{closure:{closure:Illuminate/Pipeline/Pipeline::carry():158}:159}()
#7 D:/new -1 tax/taxlegal/backend/vendor/laravel/framework/src/Illuminate/Routing/Router.php(805): Illuminate/Pipeline/Pipeline->then()
#8 D:/new -1 tax/taxlegal/backend/vendor/laravel/framework/src/Illuminate/Routing/Router.php(784): Illuminate/Routing/Router->runRouteWithinStack()
#9 D:/new -1 tax/taxlegal/backend/vendor/laravel/framework/src/Illuminate/Routing/Router.php(748): Illuminate/Routing/Router->runRoute()
#10 D:/new -1 tax/taxlegal/backend/vendor/laravel/framework/src/Illuminate/Routing/Router.php(737): Illuminate/Routing/Router->dispatchToRoute()
#11 D:/new -1 tax/taxlegal/backend/vendor/laravel/framework/src/Illuminate/Foundation/Http/Kernel.php(200): Illuminate/Routing/Router->dispatch()
#12 D:/new -1 tax/taxlegal/backend/vendor/laravel/framework/src/Illuminate/Pipeline/Pipeline.php(144): Illuminate/Foundation/Http/Kernel->{closure:Illuminate/Foundation/Http/Kernel::dispatchToRouter():197}()
#13 D:/new -1 tax/taxlegal/backend/vendor/laravel/framework/src/Illuminate/Foundation/Http/Middleware/TransformsRequest.php(21): Illuminate/Pipeline/Pipeline->{closure:Illuminate/Pipeline/Pipeline::prepareDestination():142}()
#14 D:/new -1 tax/taxlegal/backend/vendor/laravel/framework/src/Illuminate/Foundation/Http/Middleware/ConvertEmptyStringsToNull.php(31): Illuminate/Foundation/Http/Middleware/TransformsRequest->handle()
#15 D:/new -1 tax/taxlegal/backend/vendor/laravel/framework/src/Illuminate/Pipeline/Pipeline.php(183): Illuminate/Foundation/Http/Middleware/ConvertEmptyStringsToNull->handle()
#16 D:/new -1 tax/taxlegal/backend/vendor/laravel/framework/src/Illuminate/Foundation/Http/Middleware/ValidatePostSize.php(27): Illuminate/Pipeline/Pipeline->{closure:{closure:Illuminate/Pipeline/Pipeline::carry():158}:159}()
#17 D:/new -1 tax/taxlegal/backend/vendor/laravel/framework/src/Illuminate/Pipeline/Pipeline.php(183): Illuminate/Foundation/Http/Middleware/ValidatePostSize->handle()
#18 D:/new -1 tax/taxlegal/backend/vendor/laravel/framework/src/Illuminate/Http/Middleware/HandleCors.php(62): Illuminate/Pipeline/Pipeline->{closure:{closure:Illuminate/Pipeline/Pipeline::carry():158}:159}()
#19 D:/new -1 tax/taxlegal/backend/vendor/laravel/framework/src/Illuminate/Pipeline/Pipeline.php(183): Illuminate/Http/Middleware/HandleCors->handle()
#20 D:/new -1 tax/taxlegal/backend/vendor/laravel/framework/src/Illuminate/Pipeline/Pipeline.php(119): Illuminate/Pipeline/Pipeline->{closure:{closure:Illuminate/Pipeline/Pipeline::carry():158}:159}()
#21 D:/new -1 tax/taxlegal/backend/vendor/laravel/framework/src/Illuminate/Foundation/Http/Kernel.php(175): Illuminate/Pipeline/Pipeline->then()
#22 D:/new -1 tax/taxlegal/backend/vendor/laravel/framework/src/Illuminate/Foundation/Http/Kernel.php(144): Illuminate/Foundation/Http/Kernel->sendRequestThroughRouter()
#23 D:/new -1 tax/taxlegal/backend/public/index.php(50): Illuminate/Foundation/Http/Kernel->handle()
#24 D:/new -1 tax/taxlegal/backend/vendor/laravel/framework/src/Illuminate/Foundation/resources/server.php(16): require_once('...')
#25 {main}
"} 
[2026-04-17 16:58:28] laravel.EMERGENCY: Unable to create configured logger. Using emergency logger. {"exception":"[object] (InvalidArgumentException(code: 0): Log [] is not defined. at D:/new -1 tax/taxlegal/backend/vendor/laravel/framework/src/Illuminate/Log/LogManager.php:212)
[stacktrace]
#0 D:/new -1 tax/taxlegal/backend/vendor/laravel/framework/src/Illuminate/Log/LogManager.php(137): Illuminate/Log/LogManager->resolve()
#1 D:/new -1 tax/taxlegal/backend/vendor/laravel/framework/src/Illuminate/Log/LogManager.php(124): Illuminate/Log/LogManager->get()
#2 D:/new -1 tax/taxlegal/backend/vendor/laravel/framework/src/Illuminate/Log/LogManager.php(681): Illuminate/Log/LogManager->driver()
#3 D:/new -1 tax/taxlegal/backend/vendor/laravel/framework/src/Illuminate/Foundation/Exceptions/Handler.php(317): Illuminate/Log/LogManager->error()
#4 D:/new -1 tax/taxlegal/backend/vendor/laravel/framework/src/Illuminate/Foundation/Exceptions/Handler.php(278): Illuminate/Foundation/Exceptions/Handler->reportThrowable()
#5 D:/new -1 tax/taxlegal/backend/vendor/laravel/framework/src/Illuminate/Routing/Pipeline.php(49): Illuminate/Foundation/Exceptions/Handler->report()
#6 D:/new -1 tax/taxlegal/backend/vendor/laravel/framework/src/Illuminate/Pipeline/Pipeline.php(188): Illuminate/Routing/Pipeline->handleException()
#7 D:/new -1 tax/taxlegal/backend/vendor/laravel/framework/src/Illuminate/Routing/Middleware/SubstituteBindings.php(50): Illuminate/Pipeline/Pipeline->{closure:{closure:Illuminate/Pipeline/Pipeline::carry():158}:159}()
#8 D:/new -1 tax/taxlegal/backend/vendor/laravel/framework/src/Illuminate/Pipeline/Pipeline.php(183): Illuminate/Routing/Middleware/SubstituteBindings->handle()
#9 D:/new -1 tax/taxlegal/backend/vendor/laravel/framework/src/Illuminate/Routing/Middleware/ThrottleRequests.php(159): Illuminate/Pipeline/Pipeline->{closure:{closure:Illuminate/Pipeline/Pipeline::carry():158}:159}()
#10 D:/new -1 tax/taxlegal/backend/vendor/laravel/framework/src/Illuminate/Routing/Middleware/ThrottleRequests.php(125): Illuminate/Routing/Middleware/ThrottleRequests->handleRequest()
#11 D:/new -1 tax/taxlegal/backend/vendor/laravel/framework/src/Illuminate/Routing/Middleware/ThrottleRequests.php(87): Illuminate/Routing/Middleware/ThrottleRequests->handleRequestUsingNamedLimiter()
#12 D:/new -1 tax/taxlegal/backend/vendor/laravel/framework/src/Illuminate/Pipeline/Pipeline.php(183): Illuminate/Routing/Middleware/ThrottleRequests->handle()
#13 D:/new -1 tax/taxlegal/backend/vendor/laravel/framework/src/Illuminate/Pipeline/Pipeline.php(119): Illuminate/Pipeline/Pipeline->{closure:{closure:Illuminate/Pipeline/Pipeline::carry():158}:159}()
#14 D:/new -1 tax/taxlegal/backend/vendor/laravel/framework/src/Illuminate/Routing/Router.php(805): Illuminate/Pipeline/Pipeline->then()
#15 D:/new -1 tax/taxlegal/backend/vendor/laravel/framework/src/Illuminate/Routing/Router.php(784): Illuminate/Routing/Router->runRouteWithinStack()
#16 D:/new -1 tax/taxlegal/backend/vendor/laravel/framework/src/Illuminate/Routing/Router.php(748): Illuminate/Routing/Router->runRoute()
#17 D:/new -1 tax/taxlegal/backend/vendor/laravel/framework/src/Illuminate/Routing/Router.php(737): Illuminate/Routing/Router->dispatchToRoute()
#18 D:/new -1 tax/taxlegal/backend/vendor/laravel/framework/src/Illuminate/Foundation/Http/Kernel.php(200): Illuminate/Routing/Router->dispatch()
#19 D:/new -1 tax/taxlegal/backend/vendor/laravel/framework/src/Illuminate/Pipeline/Pipeline.php(144): Illuminate/Foundation/Http/Kernel->{closure:Illuminate/Foundation/Http/Kernel::dispatchToRouter():197}()
#20 D:/new -1 tax/taxlegal/backend/vendor/laravel/framework/src/Illuminate/Foundation/Http/Middleware/TransformsRequest.php(21): Illuminate/Pipeline/Pipeline->{closure:Illuminate/Pipeline/Pipeline::prepareDestination():142}()
#21 D:/new -1 tax/taxlegal/backend/vendor/laravel/framework/src/Illuminate/Foundation/Http/Middleware/ConvertEmptyStringsToNull.php(31): Illuminate/Foundation/Http/Middleware/TransformsRequest->handle()
#22 D:/new -1 tax/taxlegal/backend/vendor/laravel/framework/src/Illuminate/Pipeline/Pipeline.php(183): Illuminate/Foundation/Http/Middleware/ConvertEmptyStringsToNull->handle()
#23 D:/new -1 tax/taxlegal/backend/vendor/laravel/framework/src/Illuminate/Foundation/Http/Middleware/ValidatePostSize.php(27): Illuminate/Pipeline/Pipeline->{closure:{closure:Illuminate/Pipeline/Pipeline::carry():158}:159}()
#24 D:/new -1 tax/taxlegal/backend/vendor/laravel/framework/src/Illuminate/Pipeline/Pipeline.php(183): Illuminate/Foundation/Http/Middleware/ValidatePostSize->handle()
#25 D:/new -1 tax/taxlegal/backend/vendor/laravel/framework/src/Illuminate/Http/Middleware/HandleCors.php(62): Illuminate/Pipeline/Pipeline->{closure:{closure:Illuminate/Pipeline/Pipeline::carry():158}:159}()
#26 D:/new -1 tax/taxlegal/backend/vendor/laravel/framework/src/Illuminate/Pipeline/Pipeline.php(183): Illuminate/Http/Middleware/HandleCors->handle()
#27 D:/new -1 tax/taxlegal/backend/vendor/laravel/framework/src/Illuminate/Pipeline/Pipeline.php(119): Illuminate/Pipeline/Pipeline->{closure:{closure:Illuminate/Pipeline/Pipeline::carry():158}:159}()
#28 D:/new -1 tax/taxlegal/backend/vendor/laravel/framework/src/Illuminate/Foundation/Http/Kernel.php(175): Illuminate/Pipeline/Pipeline->then()
#29 D:/new -1 tax/taxlegal/backend/vendor/laravel/framework/src/Illuminate/Foundation/Http/Kernel.php(144): Illuminate/Foundation/Http/Kernel->sendRequestThroughRouter()
#30 D:/new -1 tax/taxlegal/backend/public/index.php(50): Illuminate/Foundation/Http/Kernel->handle()
#31 D:/new -1 tax/taxlegal/backend/vendor/laravel/framework/src/Illuminate/Foundation/resources/server.php(16): require_once('...')
#32 {main}
"} 
[2026-04-17 16:58:28] laravel.ERROR: Object of type Illuminate\Auth\AuthManager is not callable {"exception":"[object] (Error(code: 0): Object of type Illuminate\\Auth\\AuthManager is not callable at D:/new -1 tax/taxlegal/backend/vendor/laravel/framework/src/Illuminate/Pipeline/Pipeline.php:184)
[stacktrace]
#0 D:/new -1 tax/taxlegal/backend/vendor/laravel/framework/src/Illuminate/Routing/Middleware/SubstituteBindings.php(50): Illuminate/Pipeline/Pipeline->{closure:{closure:Illuminate/Pipeline/Pipeline::carry():158}:159}()
#1 D:/new -1 tax/taxlegal/backend/vendor/laravel/framework/src/Illuminate/Pipeline/Pipeline.php(183): Illuminate/Routing/Middleware/SubstituteBindings->handle()
#2 D:/new -1 tax/taxlegal/backend/vendor/laravel/framework/src/Illuminate/Routing/Middleware/ThrottleRequests.php(159): Illuminate/Pipeline/Pipeline->{closure:{closure:Illuminate/Pipeline/Pipeline::carry():158}:159}()
#3 D:/new -1 tax/taxlegal/backend/vendor/laravel/framework/src/Illuminate/Routing/Middleware/ThrottleRequests.php(125): Illuminate/Routing/Middleware/ThrottleRequests->handleRequest()
#4 D:/new -1 tax/taxlegal/backend/vendor/laravel/framework/src/Illuminate/Routing/Middleware/ThrottleRequests.php(87): Illuminate/Routing/Middleware/ThrottleRequests->handleRequestUsingNamedLimiter()
#5 D:/new -1 tax/taxlegal/backend/vendor/laravel/framework/src/Illuminate/Pipeline/Pipeline.php(183): Illuminate/Routing/Middleware/ThrottleRequests->handle()
#6 D:/new -1 tax/taxlegal/backend/vendor/laravel/framework/src/Illuminate/Pipeline/Pipeline.php(119): Illuminate/Pipeline/Pipeline->{closure:{closure:Illuminate/Pipeline/Pipeline::carry():158}:159}()
#7 D:/new -1 tax/taxlegal/backend/vendor/laravel/framework/src/Illuminate/Routing/Router.php(805): Illuminate/Pipeline/Pipeline->then()
#8 D:/new -1 tax/taxlegal/backend/vendor/laravel/framework/src/Illuminate/Routing/Router.php(784): Illuminate/Routing/Router->runRouteWithinStack()
#9 D:/new -1 tax/taxlegal/backend/vendor/laravel/framework/src/Illuminate/Routing/Router.php(748): Illuminate/Routing/Router->runRoute()
#10 D:/new -1 tax/taxlegal/backend/vendor/laravel/framework/src/Illuminate/Routing/Router.php(737): Illuminate/Routing/Router->dispatchToRoute()
#11 D:/new -1 tax/taxlegal/backend/vendor/laravel/framework/src/Illuminate/Foundation/Http/Kernel.php(200): Illuminate/Routing/Router->dispatch()
#12 D:/new -1 tax/taxlegal/backend/vendor/laravel/framework/src/Illuminate/Pipeline/Pipeline.php(144): Illuminate/Foundation/Http/Kernel->{closure:Illuminate/Foundation/Http/Kernel::dispatchToRouter():197}()
#13 D:/new -1 tax/taxlegal/backend/vendor/laravel/framework/src/Illuminate/Foundation/Http/Middleware/TransformsRequest.php(21): Illuminate/Pipeline/Pipeline->{closure:Illuminate/Pipeline/Pipeline::prepareDestination():142}()
#14 D:/new -1 tax/taxlegal/backend/vendor/laravel/framework/src/Illuminate/Foundation/Http/Middleware/ConvertEmptyStringsToNull.php(31): Illuminate/Foundation/Http/Middleware/TransformsRequest->handle()
#15 D:/new -1 tax/taxlegal/backend/vendor/laravel/framework/src/Illuminate/Pipeline/Pipeline.php(183): Illuminate/Foundation/Http/Middleware/ConvertEmptyStringsToNull->handle()
#16 D:/new -1 tax/taxlegal/backend/vendor/laravel/framework/src/Illuminate/Foundation/Http/Middleware/ValidatePostSize.php(27): Illuminate/Pipeline/Pipeline->{closure:{closure:Illuminate/Pipeline/Pipeline::carry():158}:159}()
#17 D:/new -1 tax/taxlegal/backend/vendor/laravel/framework/src/Illuminate/Pipeline/Pipeline.php(183): Illuminate/Foundation/Http/Middleware/ValidatePostSize->handle()
#18 D:/new -1 tax/taxlegal/backend/vendor/laravel/framework/src/Illuminate/Http/Middleware/HandleCors.php(62): Illuminate/Pipeline/Pipeline->{closure:{closure:Illuminate/Pipeline/Pipeline::carry():158}:159}()
#19 D:/new -1 tax/taxlegal/backend/vendor/laravel/framework/src/Illuminate/Pipeline/Pipeline.php(183): Illuminate/Http/Middleware/HandleCors->handle()
#20 D:/new -1 tax/taxlegal/backend/vendor/laravel/framework/src/Illuminate/Pipeline/Pipeline.php(119): Illuminate/Pipeline/Pipeline->{closure:{closure:Illuminate/Pipeline/Pipeline::carry():158}:159}()
#21 D:/new -1 tax/taxlegal/backend/vendor/laravel/framework/src/Illuminate/Foundation/Http/Kernel.php(175): Illuminate/Pipeline/Pipeline->then()
#22 D:/new -1 tax/taxlegal/backend/vendor/laravel/framework/src/Illuminate/Foundation/Http/Kernel.php(144): Illuminate/Foundation/Http/Kernel->sendRequestThroughRouter()
#23 D:/new -1 tax/taxlegal/backend/public/index.php(50): Illuminate/Foundation/Http/Kernel->handle()
#24 D:/new -1 tax/taxlegal/backend/vendor/laravel/framework/src/Illuminate/Foundation/resources/server.php(16): require_once('...')
#25 {main}
"} 
[2026-04-17 16:58:30] laravel.EMERGENCY: Unable to create configured logger. Using emergency logger. {"exception":"[object] (InvalidArgumentException(code: 0): Log [] is not defined. at D:/new -1 tax/taxlegal/backend/vendor/laravel/framework/src/Illuminate/Log/LogManager.php:212)
[stacktrace]
#0 D:/new -1 tax/taxlegal/backend/vendor/laravel/framework/src/Illuminate/Log/LogManager.php(137): Illuminate/Log/LogManager->resolve()
#1 D:/new -1 tax/taxlegal/backend/vendor/laravel/framework/src/Illuminate/Log/LogManager.php(124): Illuminate/Log/LogManager->get()
#2 D:/new -1 tax/taxlegal/backend/vendor/laravel/framework/src/Illuminate/Log/LogManager.php(681): Illuminate/Log/LogManager->driver()
#3 D:/new -1 tax/taxlegal/backend/vendor/laravel/framework/src/Illuminate/Foundation/Exceptions/Handler.php(317): Illuminate/Log/LogManager->error()
#4 D:/new -1 tax/taxlegal/backend/vendor/laravel/framework/src/Illuminate/Foundation/Exceptions/Handler.php(278): Illuminate/Foundation/Exceptions/Handler->reportThrowable()
#5 D:/new -1 tax/taxlegal/backend/vendor/laravel/framework/src/Illuminate/Routing/Pipeline.php(49): Illuminate/Foundation/Exceptions/Handler->report()
#6 D:/new -1 tax/taxlegal/backend/vendor/laravel/framework/src/Illuminate/Pipeline/Pipeline.php(188): Illuminate/Routing/Pipeline->handleException()
#7 D:/new -1 tax/taxlegal/backend/vendor/laravel/framework/src/Illuminate/Routing/Middleware/SubstituteBindings.php(50): Illuminate/Pipeline/Pipeline->{closure:{closure:Illuminate/Pipeline/Pipeline::carry():158}:159}()
#8 D:/new -1 tax/taxlegal/backend/vendor/laravel/framework/src/Illuminate/Pipeline/Pipeline.php(183): Illuminate/Routing/Middleware/SubstituteBindings->handle()
#9 D:/new -1 tax/taxlegal/backend/vendor/laravel/framework/src/Illuminate/Routing/Middleware/ThrottleRequests.php(159): Illuminate/Pipeline/Pipeline->{closure:{closure:Illuminate/Pipeline/Pipeline::carry():158}:159}()
#10 D:/new -1 tax/taxlegal/backend/vendor/laravel/framework/src/Illuminate/Routing/Middleware/ThrottleRequests.php(125): Illuminate/Routing/Middleware/ThrottleRequests->handleRequest()
#11 D:/new -1 tax/taxlegal/backend/vendor/laravel/framework/src/Illuminate/Routing/Middleware/ThrottleRequests.php(87): Illuminate/Routing/Middleware/ThrottleRequests->handleRequestUsingNamedLimiter()
#12 D:/new -1 tax/taxlegal/backend/vendor/laravel/framework/src/Illuminate/Pipeline/Pipeline.php(183): Illuminate/Routing/Middleware/ThrottleRequests->handle()
#13 D:/new -1 tax/taxlegal/backend/vendor/laravel/framework/src/Illuminate/Pipeline/Pipeline.php(119): Illuminate/Pipeline/Pipeline->{closure:{closure:Illuminate/Pipeline/Pipeline::carry():158}:159}()
#14 D:/new -1 tax/taxlegal/backend/vendor/laravel/framework/src/Illuminate/Routing/Router.php(805): Illuminate/Pipeline/Pipeline->then()
#15 D:/new -1 tax/taxlegal/backend/vendor/laravel/framework/src/Illuminate/Routing/Router.php(784): Illuminate/Routing/Router->runRouteWithinStack()
#16 D:/new -1 tax/taxlegal/backend/vendor/laravel/framework/src/Illuminate/Routing/Router.php(748): Illuminate/Routing/Router->runRoute()
#17 D:/new -1 tax/taxlegal/backend/vendor/laravel/framework/src/Illuminate/Routing/Router.php(737): Illuminate/Routing/Router->dispatchToRoute()
#18 D:/new -1 tax/taxlegal/backend/vendor/laravel/framework/src/Illuminate/Foundation/Http/Kernel.php(200): Illuminate/Routing/Router->dispatch()
#19 D:/new -1 tax/taxlegal/backend/vendor/laravel/framework/src/Illuminate/Pipeline/Pipeline.php(144): Illuminate/Foundation/Http/Kernel->{closure:Illuminate/Foundation/Http/Kernel::dispatchToRouter():197}()
#20 D:/new -1 tax/taxlegal/backend/vendor/laravel/framework/src/Illuminate/Foundation/Http/Middleware/TransformsRequest.php(21): Illuminate/Pipeline/Pipeline->{closure:Illuminate/Pipeline/Pipeline::prepareDestination():142}()
#21 D:/new -1 tax/taxlegal/backend/vendor/laravel/framework/src/Illuminate/Foundation/Http/Middleware/ConvertEmptyStringsToNull.php(31): Illuminate/Foundation/Http/Middleware/TransformsRequest->handle()
#22 D:/new -1 tax/taxlegal/backend/vendor/laravel/framework/src/Illuminate/Pipeline/Pipeline.php(183): Illuminate/Foundation/Http/Middleware/ConvertEmptyStringsToNull->handle()
#23 D:/new -1 tax/taxlegal/backend/vendor/laravel/framework/src/Illuminate/Foundation/Http/Middleware/ValidatePostSize.php(27): Illuminate/Pipeline/Pipeline->{closure:{closure:Illuminate/Pipeline/Pipeline::carry():158}:159}()
#24 D:/new -1 tax/taxlegal/backend/vendor/laravel/framework/src/Illuminate/Pipeline/Pipeline.php(183): Illuminate/Foundation/Http/Middleware/ValidatePostSize->handle()
#25 D:/new -1 tax/taxlegal/backend/vendor/laravel/framework/src/Illuminate/Http/Middleware/HandleCors.php(62): Illuminate/Pipeline/Pipeline->{closure:{closure:Illuminate/Pipeline/Pipeline::carry():158}:159}()
#26 D:/new -1 tax/taxlegal/backend/vendor/laravel/framework/src/Illuminate/Pipeline/Pipeline.php(183): Illuminate/Http/Middleware/HandleCors->handle()
#27 D:/new -1 tax/taxlegal/backend/vendor/laravel/framework/src/Illuminate/Pipeline/Pipeline.php(119): Illuminate/Pipeline/Pipeline->{closure:{closure:Illuminate/Pipeline/Pipeline::carry():158}:159}()
#28 D:/new -1 tax/taxlegal/backend/vendor/laravel/framework/src/Illuminate/Foundation/Http/Kernel.php(175): Illuminate/Pipeline/Pipeline->then()
#29 D:/new -1 tax/taxlegal/backend/vendor/laravel/framework/src/Illuminate/Foundation/Http/Kernel.php(144): Illuminate/Foundation/Http/Kernel->sendRequestThroughRouter()
#30 D:/new -1 tax/taxlegal/backend/public/index.php(50): Illuminate/Foundation/Http/Kernel->handle()
#31 D:/new -1 tax/taxlegal/backend/vendor/laravel/framework/src/Illuminate/Foundation/resources/server.php(16): require_once('...')
#32 {main}
"} 
[2026-04-17 16:58:30] laravel.ERROR: Object of type Illuminate\Auth\AuthManager is not callable {"exception":"[object] (Error(code: 0): Object of type Illuminate\\Auth\\AuthManager is not callable at D:/new -1 tax/taxlegal/backend/vendor/laravel/framework/src/Illuminate/Pipeline/Pipeline.php:184)
[stacktrace]
#0 D:/new -1 tax/taxlegal/backend/vendor/laravel/framework/src/Illuminate/Routing/Middleware/SubstituteBindings.php(50): Illuminate/Pipeline/Pipeline->{closure:{closure:Illuminate/Pipeline/Pipeline::carry():158}:159}()
#1 D:/new -1 tax/taxlegal/backend/vendor/laravel/framework/src/Illuminate/Pipeline/Pipeline.php(183): Illuminate/Routing/Middleware/SubstituteBindings->handle()
#2 D:/new -1 tax/taxlegal/backend/vendor/laravel/framework/src/Illuminate/Routing/Middleware/ThrottleRequests.php(159): Illuminate/Pipeline/Pipeline->{closure:{closure:Illuminate/Pipeline/Pipeline::carry():158}:159}()
#3 D:/new -1 tax/taxlegal/backend/vendor/laravel/framework/src/Illuminate/Routing/Middleware/ThrottleRequests.php(125): Illuminate/Routing/Middleware/ThrottleRequests->handleRequest()
#4 D:/new -1 tax/taxlegal/backend/vendor/laravel/framework/src/Illuminate/Routing/Middleware/ThrottleRequests.php(87): Illuminate/Routing/Middleware/ThrottleRequests->handleRequestUsingNamedLimiter()
#5 D:/new -1 tax/taxlegal/backend/vendor/laravel/framework/src/Illuminate/Pipeline/Pipeline.php(183): Illuminate/Routing/Middleware/ThrottleRequests->handle()
#6 D:/new -1 tax/taxlegal/backend/vendor/laravel/framework/src/Illuminate/Pipeline/Pipeline.php(119): Illuminate/Pipeline/Pipeline->{closure:{closure:Illuminate/Pipeline/Pipeline::carry():158}:159}()
#7 D:/new -1 tax/taxlegal/backend/vendor/laravel/framework/src/Illuminate/Routing/Router.php(805): Illuminate/Pipeline/Pipeline->then()
#8 D:/new -1 tax/taxlegal/backend/vendor/laravel/framework/src/Illuminate/Routing/Router.php(784): Illuminate/Routing/Router->runRouteWithinStack()
#9 D:/new -1 tax/taxlegal/backend/vendor/laravel/framework/src/Illuminate/Routing/Router.php(748): Illuminate/Routing/Router->runRoute()
#10 D:/new -1 tax/taxlegal/backend/vendor/laravel/framework/src/Illuminate/Routing/Router.php(737): Illuminate/Routing/Router->dispatchToRoute()
#11 D:/new -1 tax/taxlegal/backend/vendor/laravel/framework/src/Illuminate/Foundation/Http/Kernel.php(200): Illuminate/Routing/Router->dispatch()
#12 D:/new -1 tax/taxlegal/backend/vendor/laravel/framework/src/Illuminate/Pipeline/Pipeline.php(144): Illuminate/Foundation/Http/Kernel->{closure:Illuminate/Foundation/Http/Kernel::dispatchToRouter():197}()
#13 D:/new -1 tax/taxlegal/backend/vendor/laravel/framework/src/Illuminate/Foundation/Http/Middleware/TransformsRequest.php(21): Illuminate/Pipeline/Pipeline->{closure:Illuminate/Pipeline/Pipeline::prepareDestination():142}()
#14 D:/new -1 tax/taxlegal/backend/vendor/laravel/framework/src/Illuminate/Foundation/Http/Middleware/ConvertEmptyStringsToNull.php(31): Illuminate/Foundation/Http/Middleware/TransformsRequest->handle()
#15 D:/new -1 tax/taxlegal/backend/vendor/laravel/framework/src/Illuminate/Pipeline/Pipeline.php(183): Illuminate/Foundation/Http/Middleware/ConvertEmptyStringsToNull->handle()
#16 D:/new -1 tax/taxlegal/backend/vendor/laravel/framework/src/Illuminate/Foundation/Http/Middleware/ValidatePostSize.php(27): Illuminate/Pipeline/Pipeline->{closure:{closure:Illuminate/Pipeline/Pipeline::carry():158}:159}()
#17 D:/new -1 tax/taxlegal/backend/vendor/laravel/framework/src/Illuminate/Pipeline/Pipeline.php(183): Illuminate/Foundation/Http/Middleware/ValidatePostSize->handle()
#18 D:/new -1 tax/taxlegal/backend/vendor/laravel/framework/src/Illuminate/Http/Middleware/HandleCors.php(62): Illuminate/Pipeline/Pipeline->{closure:{closure:Illuminate/Pipeline/Pipeline::carry():158}:159}()
#19 D:/new -1 tax/taxlegal/backend/vendor/laravel/framework/src/Illuminate/Pipeline/Pipeline.php(183): Illuminate/Http/Middleware/HandleCors->handle()
#20 D:/new -1 tax/taxlegal/backend/vendor/laravel/framework/src/Illuminate/Pipeline/Pipeline.php(119): Illuminate/Pipeline/Pipeline->{closure:{closure:Illuminate/Pipeline/Pipeline::carry():158}:159}()
#21 D:/new -1 tax/taxlegal/backend/vendor/laravel/framework/src/Illuminate/Foundation/Http/Kernel.php(175): Illuminate/Pipeline/Pipeline->then()
#22 D:/new -1 tax/taxlegal/backend/vendor/laravel/framework/src/Illuminate/Foundation/Http/Kernel.php(144): Illuminate/Foundation/Http/Kernel->sendRequestThroughRouter()
#23 D:/new -1 tax/taxlegal/backend/public/index.php(50): Illuminate/Foundation/Http/Kernel->handle()
#24 D:/new -1 tax/taxlegal/backend/vendor/laravel/framework/src/Illuminate/Foundation/resources/server.php(16): require_once('...')
#25 {main}
"} 
[2026-04-17 16:58:34] laravel.EMERGENCY: Unable to create configured logger. Using emergency logger. {"exception":"[object] (InvalidArgumentException(code: 0): Log [] is not defined. at D:/new -1 tax/taxlegal/backend/vendor/laravel/framework/src/Illuminate/Log/LogManager.php:212)
[stacktrace]
#0 D:/new -1 tax/taxlegal/backend/vendor/laravel/framework/src/Illuminate/Log/LogManager.php(137): Illuminate/Log/LogManager->resolve()
#1 D:/new -1 tax/taxlegal/backend/vendor/laravel/framework/src/Illuminate/Log/LogManager.php(124): Illuminate/Log/LogManager->get()
#2 D:/new -1 tax/taxlegal/backend/vendor/laravel/framework/src/Illuminate/Log/LogManager.php(681): Illuminate/Log/LogManager->driver()
#3 D:/new -1 tax/taxlegal/backend/vendor/laravel/framework/src/Illuminate/Foundation/Exceptions/Handler.php(317): Illuminate/Log/LogManager->error()
#4 D:/new -1 tax/taxlegal/backend/vendor/laravel/framework/src/Illuminate/Foundation/Exceptions/Handler.php(278): Illuminate/Foundation/Exceptions/Handler->reportThrowable()
#5 D:/new -1 tax/taxlegal/backend/vendor/laravel/framework/src/Illuminate/Routing/Pipeline.php(49): Illuminate/Foundation/Exceptions/Handler->report()
#6 D:/new -1 tax/taxlegal/backend/vendor/laravel/framework/src/Illuminate/Pipeline/Pipeline.php(188): Illuminate/Routing/Pipeline->handleException()
#7 D:/new -1 tax/taxlegal/backend/vendor/laravel/framework/src/Illuminate/Routing/Middleware/SubstituteBindings.php(50): Illuminate/Pipeline/Pipeline->{closure:{closure:Illuminate/Pipeline/Pipeline::carry():158}:159}()
#8 D:/new -1 tax/taxlegal/backend/vendor/laravel/framework/src/Illuminate/Pipeline/Pipeline.php(183): Illuminate/Routing/Middleware/SubstituteBindings->handle()
#9 D:/new -1 tax/taxlegal/backend/vendor/laravel/framework/src/Illuminate/Routing/Middleware/ThrottleRequests.php(159): Illuminate/Pipeline/Pipeline->{closure:{closure:Illuminate/Pipeline/Pipeline::carry():158}:159}()
#10 D:/new -1 tax/taxlegal/backend/vendor/laravel/framework/src/Illuminate/Routing/Middleware/ThrottleRequests.php(125): Illuminate/Routing/Middleware/ThrottleRequests->handleRequest()
#11 D:/new -1 tax/taxlegal/backend/vendor/laravel/framework/src/Illuminate/Routing/Middleware/ThrottleRequests.php(87): Illuminate/Routing/Middleware/ThrottleRequests->handleRequestUsingNamedLimiter()
#12 D:/new -1 tax/taxlegal/backend/vendor/laravel/framework/src/Illuminate/Pipeline/Pipeline.php(183): Illuminate/Routing/Middleware/ThrottleRequests->handle()
#13 D:/new -1 tax/taxlegal/backend/vendor/laravel/framework/src/Illuminate/Pipeline/Pipeline.php(119): Illuminate/Pipeline/Pipeline->{closure:{closure:Illuminate/Pipeline/Pipeline::carry():158}:159}()
#14 D:/new -1 tax/taxlegal/backend/vendor/laravel/framework/src/Illuminate/Routing/Router.php(805): Illuminate/Pipeline/Pipeline->then()
#15 D:/new -1 tax/taxlegal/backend/vendor/laravel/framework/src/Illuminate/Routing/Router.php(784): Illuminate/Routing/Router->runRouteWithinStack()
#16 D:/new -1 tax/taxlegal/backend/vendor/laravel/framework/src/Illuminate/Routing/Router.php(748): Illuminate/Routing/Router->runRoute()
#17 D:/new -1 tax/taxlegal/backend/vendor/laravel/framework/src/Illuminate/Routing/Router.php(737): Illuminate/Routing/Router->dispatchToRoute()
#18 D:/new -1 tax/taxlegal/backend/vendor/laravel/framework/src/Illuminate/Foundation/Http/Kernel.php(200): Illuminate/Routing/Router->dispatch()
#19 D:/new -1 tax/taxlegal/backend/vendor/laravel/framework/src/Illuminate/Pipeline/Pipeline.php(144): Illuminate/Foundation/Http/Kernel->{closure:Illuminate/Foundation/Http/Kernel::dispatchToRouter():197}()
#20 D:/new -1 tax/taxlegal/backend/vendor/laravel/framework/src/Illuminate/Foundation/Http/Middleware/TransformsRequest.php(21): Illuminate/Pipeline/Pipeline->{closure:Illuminate/Pipeline/Pipeline::prepareDestination():142}()
#21 D:/new -1 tax/taxlegal/backend/vendor/laravel/framework/src/Illuminate/Foundation/Http/Middleware/ConvertEmptyStringsToNull.php(31): Illuminate/Foundation/Http/Middleware/TransformsRequest->handle()
#22 D:/new -1 tax/taxlegal/backend/vendor/laravel/framework/src/Illuminate/Pipeline/Pipeline.php(183): Illuminate/Foundation/Http/Middleware/ConvertEmptyStringsToNull->handle()
#23 D:/new -1 tax/taxlegal/backend/vendor/laravel/framework/src/Illuminate/Foundation/Http/Middleware/ValidatePostSize.php(27): Illuminate/Pipeline/Pipeline->{closure:{closure:Illuminate/Pipeline/Pipeline::carry():158}:159}()
#24 D:/new -1 tax/taxlegal/backend/vendor/laravel/framework/src/Illuminate/Pipeline/Pipeline.php(183): Illuminate/Foundation/Http/Middleware/ValidatePostSize->handle()
#25 D:/new -1 tax/taxlegal/backend/vendor/laravel/framework/src/Illuminate/Http/Middleware/HandleCors.php(62): Illuminate/Pipeline/Pipeline->{closure:{closure:Illuminate/Pipeline/Pipeline::carry():158}:159}()
#26 D:/new -1 tax/taxlegal/backend/vendor/laravel/framework/src/Illuminate/Pipeline/Pipeline.php(183): Illuminate/Http/Middleware/HandleCors->handle()
#27 D:/new -1 tax/taxlegal/backend/vendor/laravel/framework/src/Illuminate/Pipeline/Pipeline.php(119): Illuminate/Pipeline/Pipeline->{closure:{closure:Illuminate/Pipeline/Pipeline::carry():158}:159}()
#28 D:/new -1 tax/taxlegal/backend/vendor/laravel/framework/src/Illuminate/Foundation/Http/Kernel.php(175): Illuminate/Pipeline/Pipeline->then()
#29 D:/new -1 tax/taxlegal/backend/vendor/laravel/framework/src/Illuminate/Foundation/Http/Kernel.php(144): Illuminate/Foundation/Http/Kernel->sendRequestThroughRouter()
#30 D:/new -1 tax/taxlegal/backend/public/index.php(50): Illuminate/Foundation/Http/Kernel->handle()
#31 D:/new -1 tax/taxlegal/backend/vendor/laravel/framework/src/Illuminate/Foundation/resources/server.php(16): require_once('...')
#32 {main}
"} 
[2026-04-17 16:58:34] laravel.ERROR: Object of type Illuminate\Auth\AuthManager is not callable {"exception":"[object] (Error(code: 0): Object of type Illuminate\\Auth\\AuthManager is not callable at D:/new -1 tax/taxlegal/backend/vendor/laravel/framework/src/Illuminate/Pipeline/Pipeline.php:184)
[stacktrace]
#0 D:/new -1 tax/taxlegal/backend/vendor/laravel/framework/src/Illuminate/Routing/Middleware/SubstituteBindings.php(50): Illuminate/Pipeline/Pipeline->{closure:{closure:Illuminate/Pipeline/Pipeline::carry():158}:159}()
#1 D:/new -1 tax/taxlegal/backend/vendor/laravel/framework/src/Illuminate/Pipeline/Pipeline.php(183): Illuminate/Routing/Middleware/SubstituteBindings->handle()
#2 D:/new -1 tax/taxlegal/backend/vendor/laravel/framework/src/Illuminate/Routing/Middleware/ThrottleRequests.php(159): Illuminate/Pipeline/Pipeline->{closure:{closure:Illuminate/Pipeline/Pipeline::carry():158}:159}()
#3 D:/new -1 tax/taxlegal/backend/vendor/laravel/framework/src/Illuminate/Routing/Middleware/ThrottleRequests.php(125): Illuminate/Routing/Middleware/ThrottleRequests->handleRequest()
#4 D:/new -1 tax/taxlegal/backend/vendor/laravel/framework/src/Illuminate/Routing/Middleware/ThrottleRequests.php(87): Illuminate/Routing/Middleware/ThrottleRequests->handleRequestUsingNamedLimiter()
#5 D:/new -1 tax/taxlegal/backend/vendor/laravel/framework/src/Illuminate/Pipeline/Pipeline.php(183): Illuminate/Routing/Middleware/ThrottleRequests->handle()
#6 D:/new -1 tax/taxlegal/backend/vendor/laravel/framework/src/Illuminate/Pipeline/Pipeline.php(119): Illuminate/Pipeline/Pipeline->{closure:{closure:Illuminate/Pipeline/Pipeline::carry():158}:159}()
#7 D:/new -1 tax/taxlegal/backend/vendor/laravel/framework/src/Illuminate/Routing/Router.php(805): Illuminate/Pipeline/Pipeline->then()
#8 D:/new -1 tax/taxlegal/backend/vendor/laravel/framework/src/Illuminate/Routing/Router.php(784): Illuminate/Routing/Router->runRouteWithinStack()
#9 D:/new -1 tax/taxlegal/backend/vendor/laravel/framework/src/Illuminate/Routing/Router.php(748): Illuminate/Routing/Router->runRoute()
#10 D:/new -1 tax/taxlegal/backend/vendor/laravel/framework/src/Illuminate/Routing/Router.php(737): Illuminate/Routing/Router->dispatchToRoute()
#11 D:/new -1 tax/taxlegal/backend/vendor/laravel/framework/src/Illuminate/Foundation/Http/Kernel.php(200): Illuminate/Routing/Router->dispatch()
#12 D:/new -1 tax/taxlegal/backend/vendor/laravel/framework/src/Illuminate/Pipeline/Pipeline.php(144): Illuminate/Foundation/Http/Kernel->{closure:Illuminate/Foundation/Http/Kernel::dispatchToRouter():197}()
#13 D:/new -1 tax/taxlegal/backend/vendor/laravel/framework/src/Illuminate/Foundation/Http/Middleware/TransformsRequest.php(21): Illuminate/Pipeline/Pipeline->{closure:Illuminate/Pipeline/Pipeline::prepareDestination():142}()
#14 D:/new -1 tax/taxlegal/backend/vendor/laravel/framework/src/Illuminate/Foundation/Http/Middleware/ConvertEmptyStringsToNull.php(31): Illuminate/Foundation/Http/Middleware/TransformsRequest->handle()
#15 D:/new -1 tax/taxlegal/backend/vendor/laravel/framework/src/Illuminate/Pipeline/Pipeline.php(183): Illuminate/Foundation/Http/Middleware/ConvertEmptyStringsToNull->handle()
#16 D:/new -1 tax/taxlegal/backend/vendor/laravel/framework/src/Illuminate/Foundation/Http/Middleware/ValidatePostSize.php(27): Illuminate/Pipeline/Pipeline->{closure:{closure:Illuminate/Pipeline/Pipeline::carry():158}:159}()
#17 D:/new -1 tax/taxlegal/backend/vendor/laravel/framework/src/Illuminate/Pipeline/Pipeline.php(183): Illuminate/Foundation/Http/Middleware/ValidatePostSize->handle()
#18 D:/new -1 tax/taxlegal/backend/vendor/laravel/framework/src/Illuminate/Http/Middleware/HandleCors.php(62): Illuminate/Pipeline/Pipeline->{closure:{closure:Illuminate/Pipeline/Pipeline::carry():158}:159}()
#19 D:/new -1 tax/taxlegal/backend/vendor/laravel/framework/src/Illuminate/Pipeline/Pipeline.php(183): Illuminate/Http/Middleware/HandleCors->handle()
#20 D:/new -1 tax/taxlegal/backend/vendor/laravel/framework/src/Illuminate/Pipeline/Pipeline.php(119): Illuminate/Pipeline/Pipeline->{closure:{closure:Illuminate/Pipeline/Pipeline::carry():158}:159}()
#21 D:/new -1 tax/taxlegal/backend/vendor/laravel/framework/src/Illuminate/Foundation/Http/Kernel.php(175): Illuminate/Pipeline/Pipeline->then()
#22 D:/new -1 tax/taxlegal/backend/vendor/laravel/framework/src/Illuminate/Foundation/Http/Kernel.php(144): Illuminate/Foundation/Http/Kernel->sendRequestThroughRouter()
#23 D:/new -1 tax/taxlegal/backend/public/index.php(50): Illuminate/Foundation/Http/Kernel->handle()
#24 D:/new -1 tax/taxlegal/backend/vendor/laravel/framework/src/Illuminate/Foundation/resources/server.php(16): require_once('...')
#25 {main}
"} 
[2026-04-17 16:58:36] laravel.EMERGENCY: Unable to create configured logger. Using emergency logger. {"exception":"[object] (InvalidArgumentException(code: 0): Log [] is not defined. at D:/new -1 tax/taxlegal/backend/vendor/laravel/framework/src/Illuminate/Log/LogManager.php:212)
[stacktrace]
#0 D:/new -1 tax/taxlegal/backend/vendor/laravel/framework/src/Illuminate/Log/LogManager.php(137): Illuminate/Log/LogManager->resolve()
#1 D:/new -1 tax/taxlegal/backend/vendor/laravel/framework/src/Illuminate/Log/LogManager.php(124): Illuminate/Log/LogManager->get()
#2 D:/new -1 tax/taxlegal/backend/vendor/laravel/framework/src/Illuminate/Log/LogManager.php(681): Illuminate/Log/LogManager->driver()
#3 D:/new -1 tax/taxlegal/backend/vendor/laravel/framework/src/Illuminate/Foundation/Exceptions/Handler.php(317): Illuminate/Log/LogManager->error()
#4 D:/new -1 tax/taxlegal/backend/vendor/laravel/framework/src/Illuminate/Foundation/Exceptions/Handler.php(278): Illuminate/Foundation/Exceptions/Handler->reportThrowable()
#5 D:/new -1 tax/taxlegal/backend/vendor/laravel/framework/src/Illuminate/Routing/Pipeline.php(49): Illuminate/Foundation/Exceptions/Handler->report()
#6 D:/new -1 tax/taxlegal/backend/vendor/laravel/framework/src/Illuminate/Pipeline/Pipeline.php(188): Illuminate/Routing/Pipeline->handleException()
#7 D:/new -1 tax/taxlegal/backend/vendor/laravel/framework/src/Illuminate/Routing/Middleware/SubstituteBindings.php(50): Illuminate/Pipeline/Pipeline->{closure:{closure:Illuminate/Pipeline/Pipeline::carry():158}:159}()
#8 D:/new -1 tax/taxlegal/backend/vendor/laravel/framework/src/Illuminate/Pipeline/Pipeline.php(183): Illuminate/Routing/Middleware/SubstituteBindings->handle()
#9 D:/new -1 tax/taxlegal/backend/vendor/laravel/framework/src/Illuminate/Routing/Middleware/ThrottleRequests.php(159): Illuminate/Pipeline/Pipeline->{closure:{closure:Illuminate/Pipeline/Pipeline::carry():158}:159}()
#10 D:/new -1 tax/taxlegal/backend/vendor/laravel/framework/src/Illuminate/Routing/Middleware/ThrottleRequests.php(125): Illuminate/Routing/Middleware/ThrottleRequests->handleRequest()
#11 D:/new -1 tax/taxlegal/backend/vendor/laravel/framework/src/Illuminate/Routing/Middleware/ThrottleRequests.php(87): Illuminate/Routing/Middleware/ThrottleRequests->handleRequestUsingNamedLimiter()
#12 D:/new -1 tax/taxlegal/backend/vendor/laravel/framework/src/Illuminate/Pipeline/Pipeline.php(183): Illuminate/Routing/Middleware/ThrottleRequests->handle()
#13 D:/new -1 tax/taxlegal/backend/vendor/laravel/framework/src/Illuminate/Pipeline/Pipeline.php(119): Illuminate/Pipeline/Pipeline->{closure:{closure:Illuminate/Pipeline/Pipeline::carry():158}:159}()
#14 D:/new -1 tax/taxlegal/backend/vendor/laravel/framework/src/Illuminate/Routing/Router.php(805): Illuminate/Pipeline/Pipeline->then()
#15 D:/new -1 tax/taxlegal/backend/vendor/laravel/framework/src/Illuminate/Routing/Router.php(784): Illuminate/Routing/Router->runRouteWithinStack()
#16 D:/new -1 tax/taxlegal/backend/vendor/laravel/framework/src/Illuminate/Routing/Router.php(748): Illuminate/Routing/Router->runRoute()
#17 D:/new -1 tax/taxlegal/backend/vendor/laravel/framework/src/Illuminate/Routing/Router.php(737): Illuminate/Routing/Router->dispatchToRoute()
#18 D:/new -1 tax/taxlegal/backend/vendor/laravel/framework/src/Illuminate/Foundation/Http/Kernel.php(200): Illuminate/Routing/Router->dispatch()
#19 D:/new -1 tax/taxlegal/backend/vendor/laravel/framework/src/Illuminate/Pipeline/Pipeline.php(144): Illuminate/Foundation/Http/Kernel->{closure:Illuminate/Foundation/Http/Kernel::dispatchToRouter():197}()
#20 D:/new -1 tax/taxlegal/backend/vendor/laravel/framework/src/Illuminate/Foundation/Http/Middleware/TransformsRequest.php(21): Illuminate/Pipeline/Pipeline->{closure:Illuminate/Pipeline/Pipeline::prepareDestination():142}()
#21 D:/new -1 tax/taxlegal/backend/vendor/laravel/framework/src/Illuminate/Foundation/Http/Middleware/ConvertEmptyStringsToNull.php(31): Illuminate/Foundation/Http/Middleware/TransformsRequest->handle()
#22 D:/new -1 tax/taxlegal/backend/vendor/laravel/framework/src/Illuminate/Pipeline/Pipeline.php(183): Illuminate/Foundation/Http/Middleware/ConvertEmptyStringsToNull->handle()
#23 D:/new -1 tax/taxlegal/backend/vendor/laravel/framework/src/Illuminate/Foundation/Http/Middleware/ValidatePostSize.php(27): Illuminate/Pipeline/Pipeline->{closure:{closure:Illuminate/Pipeline/Pipeline::carry():158}:159}()
#24 D:/new -1 tax/taxlegal/backend/vendor/laravel/framework/src/Illuminate/Pipeline/Pipeline.php(183): Illuminate/Foundation/Http/Middleware/ValidatePostSize->handle()
#25 D:/new -1 tax/taxlegal/backend/vendor/laravel/framework/src/Illuminate/Http/Middleware/HandleCors.php(62): Illuminate/Pipeline/Pipeline->{closure:{closure:Illuminate/Pipeline/Pipeline::carry():158}:159}()
#26 D:/new -1 tax/taxlegal/backend/vendor/laravel/framework/src/Illuminate/Pipeline/Pipeline.php(183): Illuminate/Http/Middleware/HandleCors->handle()
#27 D:/new -1 tax/taxlegal/backend/vendor/laravel/framework/src/Illuminate/Pipeline/Pipeline.php(119): Illuminate/Pipeline/Pipeline->{closure:{closure:Illuminate/Pipeline/Pipeline::carry():158}:159}()
#28 D:/new -1 tax/taxlegal/backend/vendor/laravel/framework/src/Illuminate/Foundation/Http/Kernel.php(175): Illuminate/Pipeline/Pipeline->then()
#29 D:/new -1 tax/taxlegal/backend/vendor/laravel/framework/src/Illuminate/Foundation/Http/Kernel.php(144): Illuminate/Foundation/Http/Kernel->sendRequestThroughRouter()
#30 D:/new -1 tax/taxlegal/backend/public/index.php(50): Illuminate/Foundation/Http/Kernel->handle()
#31 D:/new -1 tax/taxlegal/backend/vendor/laravel/framework/src/Illuminate/Foundation/resources/server.php(16): require_once('...')
#32 {main}
"} 
[2026-04-17 16:58:36] laravel.ERROR: Object of type Illuminate\Auth\AuthManager is not callable {"exception":"[object] (Error(code: 0): Object of type Illuminate\\Auth\\AuthManager is not callable at D:/new -1 tax/taxlegal/backend/vendor/laravel/framework/src/Illuminate/Pipeline/Pipeline.php:184)
[stacktrace]
#0 D:/new -1 tax/taxlegal/backend/vendor/laravel/framework/src/Illuminate/Routing/Middleware/SubstituteBindings.php(50): Illuminate/Pipeline/Pipeline->{closure:{closure:Illuminate/Pipeline/Pipeline::carry():158}:159}()
#1 D:/new -1 tax/taxlegal/backend/vendor/laravel/framework/src/Illuminate/Pipeline/Pipeline.php(183): Illuminate/Routing/Middleware/SubstituteBindings->handle()
#2 D:/new -1 tax/taxlegal/backend/vendor/laravel/framework/src/Illuminate/Routing/Middleware/ThrottleRequests.php(159): Illuminate/Pipeline/Pipeline->{closure:{closure:Illuminate/Pipeline/Pipeline::carry():158}:159}()
#3 D:/new -1 tax/taxlegal/backend/vendor/laravel/framework/src/Illuminate/Routing/Middleware/ThrottleRequests.php(125): Illuminate/Routing/Middleware/ThrottleRequests->handleRequest()
#4 D:/new -1 tax/taxlegal/backend/vendor/laravel/framework/src/Illuminate/Routing/Middleware/ThrottleRequests.php(87): Illuminate/Routing/Middleware/ThrottleRequests->handleRequestUsingNamedLimiter()
#5 D:/new -1 tax/taxlegal/backend/vendor/laravel/framework/src/Illuminate/Pipeline/Pipeline.php(183): Illuminate/Routing/Middleware/ThrottleRequests->handle()
#6 D:/new -1 tax/taxlegal/backend/vendor/laravel/framework/src/Illuminate/Pipeline/Pipeline.php(119): Illuminate/Pipeline/Pipeline->{closure:{closure:Illuminate/Pipeline/Pipeline::carry():158}:159}()
#7 D:/new -1 tax/taxlegal/backend/vendor/laravel/framework/src/Illuminate/Routing/Router.php(805): Illuminate/Pipeline/Pipeline->then()
#8 D:/new -1 tax/taxlegal/backend/vendor/laravel/framework/src/Illuminate/Routing/Router.php(784): Illuminate/Routing/Router->runRouteWithinStack()
#9 D:/new -1 tax/taxlegal/backend/vendor/laravel/framework/src/Illuminate/Routing/Router.php(748): Illuminate/Routing/Router->runRoute()
#10 D:/new -1 tax/taxlegal/backend/vendor/laravel/framework/src/Illuminate/Routing/Router.php(737): Illuminate/Routing/Router->dispatchToRoute()
#11 D:/new -1 tax/taxlegal/backend/vendor/laravel/framework/src/Illuminate/Foundation/Http/Kernel.php(200): Illuminate/Routing/Router->dispatch()
#12 D:/new -1 tax/taxlegal/backend/vendor/laravel/framework/src/Illuminate/Pipeline/Pipeline.php(144): Illuminate/Foundation/Http/Kernel->{closure:Illuminate/Foundation/Http/Kernel::dispatchToRouter():197}()
#13 D:/new -1 tax/taxlegal/backend/vendor/laravel/framework/src/Illuminate/Foundation/Http/Middleware/TransformsRequest.php(21): Illuminate/Pipeline/Pipeline->{closure:Illuminate/Pipeline/Pipeline::prepareDestination():142}()
#14 D:/new -1 tax/taxlegal/backend/vendor/laravel/framework/src/Illuminate/Foundation/Http/Middleware/ConvertEmptyStringsToNull.php(31): Illuminate/Foundation/Http/Middleware/TransformsRequest->handle()
#15 D:/new -1 tax/taxlegal/backend/vendor/laravel/framework/src/Illuminate/Pipeline/Pipeline.php(183): Illuminate/Foundation/Http/Middleware/ConvertEmptyStringsToNull->handle()
#16 D:/new -1 tax/taxlegal/backend/vendor/laravel/framework/src/Illuminate/Foundation/Http/Middleware/ValidatePostSize.php(27): Illuminate/Pipeline/Pipeline->{closure:{closure:Illuminate/Pipeline/Pipeline::carry():158}:159}()
#17 D:/new -1 tax/taxlegal/backend/vendor/laravel/framework/src/Illuminate/Pipeline/Pipeline.php(183): Illuminate/Foundation/Http/Middleware/ValidatePostSize->handle()
#18 D:/new -1 tax/taxlegal/backend/vendor/laravel/framework/src/Illuminate/Http/Middleware/HandleCors.php(62): Illuminate/Pipeline/Pipeline->{closure:{closure:Illuminate/Pipeline/Pipeline::carry():158}:159}()
#19 D:/new -1 tax/taxlegal/backend/vendor/laravel/framework/src/Illuminate/Pipeline/Pipeline.php(183): Illuminate/Http/Middleware/HandleCors->handle()
#20 D:/new -1 tax/taxlegal/backend/vendor/laravel/framework/src/Illuminate/Pipeline/Pipeline.php(119): Illuminate/Pipeline/Pipeline->{closure:{closure:Illuminate/Pipeline/Pipeline::carry():158}:159}()
#21 D:/new -1 tax/taxlegal/backend/vendor/laravel/framework/src/Illuminate/Foundation/Http/Kernel.php(175): Illuminate/Pipeline/Pipeline->then()
#22 D:/new -1 tax/taxlegal/backend/vendor/laravel/framework/src/Illuminate/Foundation/Http/Kernel.php(144): Illuminate/Foundation/Http/Kernel->sendRequestThroughRouter()
#23 D:/new -1 tax/taxlegal/backend/public/index.php(50): Illuminate/Foundation/Http/Kernel->handle()
#24 D:/new -1 tax/taxlegal/backend/vendor/laravel/framework/src/Illuminate/Foundation/resources/server.php(16): require_once('...')
#25 {main}
"} 
[2026-04-17 16:58:38] laravel.EMERGENCY: Unable to create configured logger. Using emergency logger. {"exception":"[object] (InvalidArgumentException(code: 0): Log [] is not defined. at D:/new -1 tax/taxlegal/backend/vendor/laravel/framework/src/Illuminate/Log/LogManager.php:212)
[stacktrace]
#0 D:/new -1 tax/taxlegal/backend/vendor/laravel/framework/src/Illuminate/Log/LogManager.php(137): Illuminate/Log/LogManager->resolve()
#1 D:/new -1 tax/taxlegal/backend/vendor/laravel/framework/src/Illuminate/Log/LogManager.php(124): Illuminate/Log/LogManager->get()
#2 D:/new -1 tax/taxlegal/backend/vendor/laravel/framework/src/Illuminate/Log/LogManager.php(681): Illuminate/Log/LogManager->driver()
#3 D:/new -1 tax/taxlegal/backend/vendor/laravel/framework/src/Illuminate/Foundation/Exceptions/Handler.php(317): Illuminate/Log/LogManager->error()
#4 D:/new -1 tax/taxlegal/backend/vendor/laravel/framework/src/Illuminate/Foundation/Exceptions/Handler.php(278): Illuminate/Foundation/Exceptions/Handler->reportThrowable()
#5 D:/new -1 tax/taxlegal/backend/vendor/laravel/framework/src/Illuminate/Routing/Pipeline.php(49): Illuminate/Foundation/Exceptions/Handler->report()
#6 D:/new -1 tax/taxlegal/backend/vendor/laravel/framework/src/Illuminate/Pipeline/Pipeline.php(188): Illuminate/Routing/Pipeline->handleException()
#7 D:/new -1 tax/taxlegal/backend/vendor/laravel/framework/src/Illuminate/Routing/Middleware/SubstituteBindings.php(50): Illuminate/Pipeline/Pipeline->{closure:{closure:Illuminate/Pipeline/Pipeline::carry():158}:159}()
#8 D:/new -1 tax/taxlegal/backend/vendor/laravel/framework/src/Illuminate/Pipeline/Pipeline.php(183): Illuminate/Routing/Middleware/SubstituteBindings->handle()
#9 D:/new -1 tax/taxlegal/backend/vendor/laravel/framework/src/Illuminate/Routing/Middleware/ThrottleRequests.php(159): Illuminate/Pipeline/Pipeline->{closure:{closure:Illuminate/Pipeline/Pipeline::carry():158}:159}()
#10 D:/new -1 tax/taxlegal/backend/vendor/laravel/framework/src/Illuminate/Routing/Middleware/ThrottleRequests.php(125): Illuminate/Routing/Middleware/ThrottleRequests->handleRequest()
#11 D:/new -1 tax/taxlegal/backend/vendor/laravel/framework/src/Illuminate/Routing/Middleware/ThrottleRequests.php(87): Illuminate/Routing/Middleware/ThrottleRequests->handleRequestUsingNamedLimiter()
#12 D:/new -1 tax/taxlegal/backend/vendor/laravel/framework/src/Illuminate/Pipeline/Pipeline.php(183): Illuminate/Routing/Middleware/ThrottleRequests->handle()
#13 D:/new -1 tax/taxlegal/backend/vendor/laravel/framework/src/Illuminate/Pipeline/Pipeline.php(119): Illuminate/Pipeline/Pipeline->{closure:{closure:Illuminate/Pipeline/Pipeline::carry():158}:159}()
#14 D:/new -1 tax/taxlegal/backend/vendor/laravel/framework/src/Illuminate/Routing/Router.php(805): Illuminate/Pipeline/Pipeline->then()
#15 D:/new -1 tax/taxlegal/backend/vendor/laravel/framework/src/Illuminate/Routing/Router.php(784): Illuminate/Routing/Router->runRouteWithinStack()
#16 D:/new -1 tax/taxlegal/backend/vendor/laravel/framework/src/Illuminate/Routing/Router.php(748): Illuminate/Routing/Router->runRoute()
#17 D:/new -1 tax/taxlegal/backend/vendor/laravel/framework/src/Illuminate/Routing/Router.php(737): Illuminate/Routing/Router->dispatchToRoute()
#18 D:/new -1 tax/taxlegal/backend/vendor/laravel/framework/src/Illuminate/Foundation/Http/Kernel.php(200): Illuminate/Routing/Router->dispatch()
#19 D:/new -1 tax/taxlegal/backend/vendor/laravel/framework/src/Illuminate/Pipeline/Pipeline.php(144): Illuminate/Foundation/Http/Kernel->{closure:Illuminate/Foundation/Http/Kernel::dispatchToRouter():197}()
#20 D:/new -1 tax/taxlegal/backend/vendor/laravel/framework/src/Illuminate/Foundation/Http/Middleware/TransformsRequest.php(21): Illuminate/Pipeline/Pipeline->{closure:Illuminate/Pipeline/Pipeline::prepareDestination():142}()
#21 D:/new -1 tax/taxlegal/backend/vendor/laravel/framework/src/Illuminate/Foundation/Http/Middleware/ConvertEmptyStringsToNull.php(31): Illuminate/Foundation/Http/Middleware/TransformsRequest->handle()
#22 D:/new -1 tax/taxlegal/backend/vendor/laravel/framework/src/Illuminate/Pipeline/Pipeline.php(183): Illuminate/Foundation/Http/Middleware/ConvertEmptyStringsToNull->handle()
#23 D:/new -1 tax/taxlegal/backend/vendor/laravel/framework/src/Illuminate/Foundation/Http/Middleware/ValidatePostSize.php(27): Illuminate/Pipeline/Pipeline->{closure:{closure:Illuminate/Pipeline/Pipeline::carry():158}:159}()
#24 D:/new -1 tax/taxlegal/backend/vendor/laravel/framework/src/Illuminate/Pipeline/Pipeline.php(183): Illuminate/Foundation/Http/Middleware/ValidatePostSize->handle()
#25 D:/new -1 tax/taxlegal/backend/vendor/laravel/framework/src/Illuminate/Http/Middleware/HandleCors.php(62): Illuminate/Pipeline/Pipeline->{closure:{closure:Illuminate/Pipeline/Pipeline::carry():158}:159}()
#26 D:/new -1 tax/taxlegal/backend/vendor/laravel/framework/src/Illuminate/Pipeline/Pipeline.php(183): Illuminate/Http/Middleware/HandleCors->handle()
#27 D:/new -1 tax/taxlegal/backend/vendor/laravel/framework/src/Illuminate/Pipeline/Pipeline.php(119): Illuminate/Pipeline/Pipeline->{closure:{closure:Illuminate/Pipeline/Pipeline::carry():158}:159}()
#28 D:/new -1 tax/taxlegal/backend/vendor/laravel/framework/src/Illuminate/Foundation/Http/Kernel.php(175): Illuminate/Pipeline/Pipeline->then()
#29 D:/new -1 tax/taxlegal/backend/vendor/laravel/framework/src/Illuminate/Foundation/Http/Kernel.php(144): Illuminate/Foundation/Http/Kernel->sendRequestThroughRouter()
#30 D:/new -1 tax/taxlegal/backend/public/index.php(50): Illuminate/Foundation/Http/Kernel->handle()
#31 D:/new -1 tax/taxlegal/backend/vendor/laravel/framework/src/Illuminate/Foundation/resources/server.php(16): require_once('...')
#32 {main}
"} 
[2026-04-17 16:58:38] laravel.ERROR: Object of type Illuminate\Auth\AuthManager is not callable {"exception":"[object] (Error(code: 0): Object of type Illuminate\\Auth\\AuthManager is not callable at D:/new -1 tax/taxlegal/backend/vendor/laravel/framework/src/Illuminate/Pipeline/Pipeline.php:184)
[stacktrace]
#0 D:/new -1 tax/taxlegal/backend/vendor/laravel/framework/src/Illuminate/Routing/Middleware/SubstituteBindings.php(50): Illuminate/Pipeline/Pipeline->{closure:{closure:Illuminate/Pipeline/Pipeline::carry():158}:159}()
#1 D:/new -1 tax/taxlegal/backend/vendor/laravel/framework/src/Illuminate/Pipeline/Pipeline.php(183): Illuminate/Routing/Middleware/SubstituteBindings->handle()
#2 D:/new -1 tax/taxlegal/backend/vendor/laravel/framework/src/Illuminate/Routing/Middleware/ThrottleRequests.php(159): Illuminate/Pipeline/Pipeline->{closure:{closure:Illuminate/Pipeline/Pipeline::carry():158}:159}()
#3 D:/new -1 tax/taxlegal/backend/vendor/laravel/framework/src/Illuminate/Routing/Middleware/ThrottleRequests.php(125): Illuminate/Routing/Middleware/ThrottleRequests->handleRequest()
#4 D:/new -1 tax/taxlegal/backend/vendor/laravel/framework/src/Illuminate/Routing/Middleware/ThrottleRequests.php(87): Illuminate/Routing/Middleware/ThrottleRequests->handleRequestUsingNamedLimiter()
#5 D:/new -1 tax/taxlegal/backend/vendor/laravel/framework/src/Illuminate/Pipeline/Pipeline.php(183): Illuminate/Routing/Middleware/ThrottleRequests->handle()
#6 D:/new -1 tax/taxlegal/backend/vendor/laravel/framework/src/Illuminate/Pipeline/Pipeline.php(119): Illuminate/Pipeline/Pipeline->{closure:{closure:Illuminate/Pipeline/Pipeline::carry():158}:159}()
#7 D:/new -1 tax/taxlegal/backend/vendor/laravel/framework/src/Illuminate/Routing/Router.php(805): Illuminate/Pipeline/Pipeline->then()
#8 D:/new -1 tax/taxlegal/backend/vendor/laravel/framework/src/Illuminate/Routing/Router.php(784): Illuminate/Routing/Router->runRouteWithinStack()
#9 D:/new -1 tax/taxlegal/backend/vendor/laravel/framework/src/Illuminate/Routing/Router.php(748): Illuminate/Routing/Router->runRoute()
#10 D:/new -1 tax/taxlegal/backend/vendor/laravel/framework/src/Illuminate/Routing/Router.php(737): Illuminate/Routing/Router->dispatchToRoute()
#11 D:/new -1 tax/taxlegal/backend/vendor/laravel/framework/src/Illuminate/Foundation/Http/Kernel.php(200): Illuminate/Routing/Router->dispatch()
#12 D:/new -1 tax/taxlegal/backend/vendor/laravel/framework/src/Illuminate/Pipeline/Pipeline.php(144): Illuminate/Foundation/Http/Kernel->{closure:Illuminate/Foundation/Http/Kernel::dispatchToRouter():197}()
#13 D:/new -1 tax/taxlegal/backend/vendor/laravel/framework/src/Illuminate/Foundation/Http/Middleware/TransformsRequest.php(21): Illuminate/Pipeline/Pipeline->{closure:Illuminate/Pipeline/Pipeline::prepareDestination():142}()
#14 D:/new -1 tax/taxlegal/backend/vendor/laravel/framework/src/Illuminate/Foundation/Http/Middleware/ConvertEmptyStringsToNull.php(31): Illuminate/Foundation/Http/Middleware/TransformsRequest->handle()
#15 D:/new -1 tax/taxlegal/backend/vendor/laravel/framework/src/Illuminate/Pipeline/Pipeline.php(183): Illuminate/Foundation/Http/Middleware/ConvertEmptyStringsToNull->handle()
#16 D:/new -1 tax/taxlegal/backend/vendor/laravel/framework/src/Illuminate/Foundation/Http/Middleware/ValidatePostSize.php(27): Illuminate/Pipeline/Pipeline->{closure:{closure:Illuminate/Pipeline/Pipeline::carry():158}:159}()
#17 D:/new -1 tax/taxlegal/backend/vendor/laravel/framework/src/Illuminate/Pipeline/Pipeline.php(183): Illuminate/Foundation/Http/Middleware/ValidatePostSize->handle()
#18 D:/new -1 tax/taxlegal/backend/vendor/laravel/framework/src/Illuminate/Http/Middleware/HandleCors.php(62): Illuminate/Pipeline/Pipeline->{closure:{closure:Illuminate/Pipeline/Pipeline::carry():158}:159}()
#19 D:/new -1 tax/taxlegal/backend/vendor/laravel/framework/src/Illuminate/Pipeline/Pipeline.php(183): Illuminate/Http/Middleware/HandleCors->handle()
#20 D:/new -1 tax/taxlegal/backend/vendor/laravel/framework/src/Illuminate/Pipeline/Pipeline.php(119): Illuminate/Pipeline/Pipeline->{closure:{closure:Illuminate/Pipeline/Pipeline::carry():158}:159}()
#21 D:/new -1 tax/taxlegal/backend/vendor/laravel/framework/src/Illuminate/Foundation/Http/Kernel.php(175): Illuminate/Pipeline/Pipeline->then()
#22 D:/new -1 tax/taxlegal/backend/vendor/laravel/framework/src/Illuminate/Foundation/Http/Kernel.php(144): Illuminate/Foundation/Http/Kernel->sendRequestThroughRouter()
#23 D:/new -1 tax/taxlegal/backend/public/index.php(50): Illuminate/Foundation/Http/Kernel->handle()
#24 D:/new -1 tax/taxlegal/backend/vendor/laravel/framework/src/Illuminate/Foundation/resources/server.php(16): require_once('...')
#25 {main}
"} 
[2026-04-17 17:00:58] laravel.EMERGENCY: Unable to create configured logger. Using emergency logger. {"exception":"[object] (InvalidArgumentException(code: 0): Log [] is not defined. at D:/new -1 tax/taxlegal/backend/vendor/laravel/framework/src/Illuminate/Log/LogManager.php:212)
[stacktrace]
#0 D:/new -1 tax/taxlegal/backend/vendor/laravel/framework/src/Illuminate/Log/LogManager.php(137): Illuminate/Log/LogManager->resolve()
#1 D:/new -1 tax/taxlegal/backend/vendor/laravel/framework/src/Illuminate/Log/LogManager.php(124): Illuminate/Log/LogManager->get()
#2 D:/new -1 tax/taxlegal/backend/vendor/laravel/framework/src/Illuminate/Log/LogManager.php(681): Illuminate/Log/LogManager->driver()
#3 D:/new -1 tax/taxlegal/backend/vendor/laravel/framework/src/Illuminate/Foundation/Exceptions/Handler.php(317): Illuminate/Log/LogManager->error()
#4 D:/new -1 tax/taxlegal/backend/vendor/laravel/framework/src/Illuminate/Foundation/Exceptions/Handler.php(278): Illuminate/Foundation/Exceptions/Handler->reportThrowable()
#5 D:/new -1 tax/taxlegal/backend/vendor/laravel/framework/src/Illuminate/Routing/Pipeline.php(49): Illuminate/Foundation/Exceptions/Handler->report()
#6 D:/new -1 tax/taxlegal/backend/vendor/laravel/framework/src/Illuminate/Pipeline/Pipeline.php(188): Illuminate/Routing/Pipeline->handleException()
#7 D:/new -1 tax/taxlegal/backend/vendor/laravel/framework/src/Illuminate/Routing/Middleware/SubstituteBindings.php(50): Illuminate/Pipeline/Pipeline->{closure:{closure:Illuminate/Pipeline/Pipeline::carry():158}:159}()
#8 D:/new -1 tax/taxlegal/backend/vendor/laravel/framework/src/Illuminate/Pipeline/Pipeline.php(183): Illuminate/Routing/Middleware/SubstituteBindings->handle()
#9 D:/new -1 tax/taxlegal/backend/vendor/laravel/framework/src/Illuminate/Routing/Middleware/ThrottleRequests.php(159): Illuminate/Pipeline/Pipeline->{closure:{closure:Illuminate/Pipeline/Pipeline::carry():158}:159}()
#10 D:/new -1 tax/taxlegal/backend/vendor/laravel/framework/src/Illuminate/Routing/Middleware/ThrottleRequests.php(125): Illuminate/Routing/Middleware/ThrottleRequests->handleRequest()
#11 D:/new -1 tax/taxlegal/backend/vendor/laravel/framework/src/Illuminate/Routing/Middleware/ThrottleRequests.php(87): Illuminate/Routing/Middleware/ThrottleRequests->handleRequestUsingNamedLimiter()
#12 D:/new -1 tax/taxlegal/backend/vendor/laravel/framework/src/Illuminate/Pipeline/Pipeline.php(183): Illuminate/Routing/Middleware/ThrottleRequests->handle()
#13 D:/new -1 tax/taxlegal/backend/vendor/laravel/framework/src/Illuminate/Pipeline/Pipeline.php(119): Illuminate/Pipeline/Pipeline->{closure:{closure:Illuminate/Pipeline/Pipeline::carry():158}:159}()
#14 D:/new -1 tax/taxlegal/backend/vendor/laravel/framework/src/Illuminate/Routing/Router.php(805): Illuminate/Pipeline/Pipeline->then()
#15 D:/new -1 tax/taxlegal/backend/vendor/laravel/framework/src/Illuminate/Routing/Router.php(784): Illuminate/Routing/Router->runRouteWithinStack()
#16 D:/new -1 tax/taxlegal/backend/vendor/laravel/framework/src/Illuminate/Routing/Router.php(748): Illuminate/Routing/Router->runRoute()
#17 D:/new -1 tax/taxlegal/backend/vendor/laravel/framework/src/Illuminate/Routing/Router.php(737): Illuminate/Routing/Router->dispatchToRoute()
#18 D:/new -1 tax/taxlegal/backend/vendor/laravel/framework/src/Illuminate/Foundation/Http/Kernel.php(200): Illuminate/Routing/Router->dispatch()
#19 D:/new -1 tax/taxlegal/backend/vendor/laravel/framework/src/Illuminate/Pipeline/Pipeline.php(144): Illuminate/Foundation/Http/Kernel->{closure:Illuminate/Foundation/Http/Kernel::dispatchToRouter():197}()
#20 D:/new -1 tax/taxlegal/backend/vendor/laravel/framework/src/Illuminate/Foundation/Http/Middleware/TransformsRequest.php(21): Illuminate/Pipeline/Pipeline->{closure:Illuminate/Pipeline/Pipeline::prepareDestination():142}()
#21 D:/new -1 tax/taxlegal/backend/vendor/laravel/framework/src/Illuminate/Foundation/Http/Middleware/ConvertEmptyStringsToNull.php(31): Illuminate/Foundation/Http/Middleware/TransformsRequest->handle()
#22 D:/new -1 tax/taxlegal/backend/vendor/laravel/framework/src/Illuminate/Pipeline/Pipeline.php(183): Illuminate/Foundation/Http/Middleware/ConvertEmptyStringsToNull->handle()
#23 D:/new -1 tax/taxlegal/backend/vendor/laravel/framework/src/Illuminate/Foundation/Http/Middleware/ValidatePostSize.php(27): Illuminate/Pipeline/Pipeline->{closure:{closure:Illuminate/Pipeline/Pipeline::carry():158}:159}()
#24 D:/new -1 tax/taxlegal/backend/vendor/laravel/framework/src/Illuminate/Pipeline/Pipeline.php(183): Illuminate/Foundation/Http/Middleware/ValidatePostSize->handle()
#25 D:/new -1 tax/taxlegal/backend/vendor/laravel/framework/src/Illuminate/Http/Middleware/HandleCors.php(62): Illuminate/Pipeline/Pipeline->{closure:{closure:Illuminate/Pipeline/Pipeline::carry():158}:159}()
#26 D:/new -1 tax/taxlegal/backend/vendor/laravel/framework/src/Illuminate/Pipeline/Pipeline.php(183): Illuminate/Http/Middleware/HandleCors->handle()
#27 D:/new -1 tax/taxlegal/backend/vendor/laravel/framework/src/Illuminate/Pipeline/Pipeline.php(119): Illuminate/Pipeline/Pipeline->{closure:{closure:Illuminate/Pipeline/Pipeline::carry():158}:159}()
#28 D:/new -1 tax/taxlegal/backend/vendor/laravel/framework/src/Illuminate/Foundation/Http/Kernel.php(175): Illuminate/Pipeline/Pipeline->then()
#29 D:/new -1 tax/taxlegal/backend/vendor/laravel/framework/src/Illuminate/Foundation/Http/Kernel.php(144): Illuminate/Foundation/Http/Kernel->sendRequestThroughRouter()
#30 D:/new -1 tax/taxlegal/backend/public/index.php(50): Illuminate/Foundation/Http/Kernel->handle()
#31 D:/new -1 tax/taxlegal/backend/vendor/laravel/framework/src/Illuminate/Foundation/resources/server.php(16): require_once('...')
#32 {main}
"} 
[2026-04-17 17:00:58] laravel.ERROR: Object of type Illuminate\Auth\AuthManager is not callable {"exception":"[object] (Error(code: 0): Object of type Illuminate\\Auth\\AuthManager is not callable at D:/new -1 tax/taxlegal/backend/vendor/laravel/framework/src/Illuminate/Pipeline/Pipeline.php:184)
[stacktrace]
#0 D:/new -1 tax/taxlegal/backend/vendor/laravel/framework/src/Illuminate/Routing/Middleware/SubstituteBindings.php(50): Illuminate/Pipeline/Pipeline->{closure:{closure:Illuminate/Pipeline/Pipeline::carry():158}:159}()
#1 D:/new -1 tax/taxlegal/backend/vendor/laravel/framework/src/Illuminate/Pipeline/Pipeline.php(183): Illuminate/Routing/Middleware/SubstituteBindings->handle()
#2 D:/new -1 tax/taxlegal/backend/vendor/laravel/framework/src/Illuminate/Routing/Middleware/ThrottleRequests.php(159): Illuminate/Pipeline/Pipeline->{closure:{closure:Illuminate/Pipeline/Pipeline::carry():158}:159}()
#3 D:/new -1 tax/taxlegal/backend/vendor/laravel/framework/src/Illuminate/Routing/Middleware/ThrottleRequests.php(125): Illuminate/Routing/Middleware/ThrottleRequests->handleRequest()
#4 D:/new -1 tax/taxlegal/backend/vendor/laravel/framework/src/Illuminate/Routing/Middleware/ThrottleRequests.php(87): Illuminate/Routing/Middleware/ThrottleRequests->handleRequestUsingNamedLimiter()
#5 D:/new -1 tax/taxlegal/backend/vendor/laravel/framework/src/Illuminate/Pipeline/Pipeline.php(183): Illuminate/Routing/Middleware/ThrottleRequests->handle()
#6 D:/new -1 tax/taxlegal/backend/vendor/laravel/framework/src/Illuminate/Pipeline/Pipeline.php(119): Illuminate/Pipeline/Pipeline->{closure:{closure:Illuminate/Pipeline/Pipeline::carry():158}:159}()
#7 D:/new -1 tax/taxlegal/backend/vendor/laravel/framework/src/Illuminate/Routing/Router.php(805): Illuminate/Pipeline/Pipeline->then()
#8 D:/new -1 tax/taxlegal/backend/vendor/laravel/framework/src/Illuminate/Routing/Router.php(784): Illuminate/Routing/Router->runRouteWithinStack()
#9 D:/new -1 tax/taxlegal/backend/vendor/laravel/framework/src/Illuminate/Routing/Router.php(748): Illuminate/Routing/Router->runRoute()
#10 D:/new -1 tax/taxlegal/backend/vendor/laravel/framework/src/Illuminate/Routing/Router.php(737): Illuminate/Routing/Router->dispatchToRoute()
#11 D:/new -1 tax/taxlegal/backend/vendor/laravel/framework/src/Illuminate/Foundation/Http/Kernel.php(200): Illuminate/Routing/Router->dispatch()
#12 D:/new -1 tax/taxlegal/backend/vendor/laravel/framework/src/Illuminate/Pipeline/Pipeline.php(144): Illuminate/Foundation/Http/Kernel->{closure:Illuminate/Foundation/Http/Kernel::dispatchToRouter():197}()
#13 D:/new -1 tax/taxlegal/backend/vendor/laravel/framework/src/Illuminate/Foundation/Http/Middleware/TransformsRequest.php(21): Illuminate/Pipeline/Pipeline->{closure:Illuminate/Pipeline/Pipeline::prepareDestination():142}()
#14 D:/new -1 tax/taxlegal/backend/vendor/laravel/framework/src/Illuminate/Foundation/Http/Middleware/ConvertEmptyStringsToNull.php(31): Illuminate/Foundation/Http/Middleware/TransformsRequest->handle()
#15 D:/new -1 tax/taxlegal/backend/vendor/laravel/framework/src/Illuminate/Pipeline/Pipeline.php(183): Illuminate/Foundation/Http/Middleware/ConvertEmptyStringsToNull->handle()
#16 D:/new -1 tax/taxlegal/backend/vendor/laravel/framework/src/Illuminate/Foundation/Http/Middleware/ValidatePostSize.php(27): Illuminate/Pipeline/Pipeline->{closure:{closure:Illuminate/Pipeline/Pipeline::carry():158}:159}()
#17 D:/new -1 tax/taxlegal/backend/vendor/laravel/framework/src/Illuminate/Pipeline/Pipeline.php(183): Illuminate/Foundation/Http/Middleware/ValidatePostSize->handle()
#18 D:/new -1 tax/taxlegal/backend/vendor/laravel/framework/src/Illuminate/Http/Middleware/HandleCors.php(62): Illuminate/Pipeline/Pipeline->{closure:{closure:Illuminate/Pipeline/Pipeline::carry():158}:159}()
#19 D:/new -1 tax/taxlegal/backend/vendor/laravel/framework/src/Illuminate/Pipeline/Pipeline.php(183): Illuminate/Http/Middleware/HandleCors->handle()
#20 D:/new -1 tax/taxlegal/backend/vendor/laravel/framework/src/Illuminate/Pipeline/Pipeline.php(119): Illuminate/Pipeline/Pipeline->{closure:{closure:Illuminate/Pipeline/Pipeline::carry():158}:159}()
#21 D:/new -1 tax/taxlegal/backend/vendor/laravel/framework/src/Illuminate/Foundation/Http/Kernel.php(175): Illuminate/Pipeline/Pipeline->then()
#22 D:/new -1 tax/taxlegal/backend/vendor/laravel/framework/src/Illuminate/Foundation/Http/Kernel.php(144): Illuminate/Foundation/Http/Kernel->sendRequestThroughRouter()
#23 D:/new -1 tax/taxlegal/backend/public/index.php(50): Illuminate/Foundation/Http/Kernel->handle()
#24 D:/new -1 tax/taxlegal/backend/vendor/laravel/framework/src/Illuminate/Foundation/resources/server.php(16): require_once('...')
#25 {main}
"} 
[2026-04-17 17:01:02] laravel.EMERGENCY: Unable to create configured logger. Using emergency logger. {"exception":"[object] (InvalidArgumentException(code: 0): Log [] is not defined. at D:/new -1 tax/taxlegal/backend/vendor/laravel/framework/src/Illuminate/Log/LogManager.php:212)
[stacktrace]
#0 D:/new -1 tax/taxlegal/backend/vendor/laravel/framework/src/Illuminate/Log/LogManager.php(137): Illuminate/Log/LogManager->resolve()
#1 D:/new -1 tax/taxlegal/backend/vendor/laravel/framework/src/Illuminate/Log/LogManager.php(124): Illuminate/Log/LogManager->get()
#2 D:/new -1 tax/taxlegal/backend/vendor/laravel/framework/src/Illuminate/Log/LogManager.php(681): Illuminate/Log/LogManager->driver()
#3 D:/new -1 tax/taxlegal/backend/vendor/laravel/framework/src/Illuminate/Foundation/Exceptions/Handler.php(317): Illuminate/Log/LogManager->error()
#4 D:/new -1 tax/taxlegal/backend/vendor/laravel/framework/src/Illuminate/Foundation/Exceptions/Handler.php(278): Illuminate/Foundation/Exceptions/Handler->reportThrowable()
#5 D:/new -1 tax/taxlegal/backend/vendor/laravel/framework/src/Illuminate/Routing/Pipeline.php(49): Illuminate/Foundation/Exceptions/Handler->report()
#6 D:/new -1 tax/taxlegal/backend/vendor/laravel/framework/src/Illuminate/Pipeline/Pipeline.php(188): Illuminate/Routing/Pipeline->handleException()
#7 D:/new -1 tax/taxlegal/backend/vendor/laravel/framework/src/Illuminate/Routing/Middleware/SubstituteBindings.php(50): Illuminate/Pipeline/Pipeline->{closure:{closure:Illuminate/Pipeline/Pipeline::carry():158}:159}()
#8 D:/new -1 tax/taxlegal/backend/vendor/laravel/framework/src/Illuminate/Pipeline/Pipeline.php(183): Illuminate/Routing/Middleware/SubstituteBindings->handle()
#9 D:/new -1 tax/taxlegal/backend/vendor/laravel/framework/src/Illuminate/Routing/Middleware/ThrottleRequests.php(159): Illuminate/Pipeline/Pipeline->{closure:{closure:Illuminate/Pipeline/Pipeline::carry():158}:159}()
#10 D:/new -1 tax/taxlegal/backend/vendor/laravel/framework/src/Illuminate/Routing/Middleware/ThrottleRequests.php(125): Illuminate/Routing/Middleware/ThrottleRequests->handleRequest()
#11 D:/new -1 tax/taxlegal/backend/vendor/laravel/framework/src/Illuminate/Routing/Middleware/ThrottleRequests.php(87): Illuminate/Routing/Middleware/ThrottleRequests->handleRequestUsingNamedLimiter()
#12 D:/new -1 tax/taxlegal/backend/vendor/laravel/framework/src/Illuminate/Pipeline/Pipeline.php(183): Illuminate/Routing/Middleware/ThrottleRequests->handle()
#13 D:/new -1 tax/taxlegal/backend/vendor/laravel/framework/src/Illuminate/Pipeline/Pipeline.php(119): Illuminate/Pipeline/Pipeline->{closure:{closure:Illuminate/Pipeline/Pipeline::carry():158}:159}()
#14 D:/new -1 tax/taxlegal/backend/vendor/laravel/framework/src/Illuminate/Routing/Router.php(805): Illuminate/Pipeline/Pipeline->then()
#15 D:/new -1 tax/taxlegal/backend/vendor/laravel/framework/src/Illuminate/Routing/Router.php(784): Illuminate/Routing/Router->runRouteWithinStack()
#16 D:/new -1 tax/taxlegal/backend/vendor/laravel/framework/src/Illuminate/Routing/Router.php(748): Illuminate/Routing/Router->runRoute()
#17 D:/new -1 tax/taxlegal/backend/vendor/laravel/framework/src/Illuminate/Routing/Router.php(737): Illuminate/Routing/Router->dispatchToRoute()
#18 D:/new -1 tax/taxlegal/backend/vendor/laravel/framework/src/Illuminate/Foundation/Http/Kernel.php(200): Illuminate/Routing/Router->dispatch()
#19 D:/new -1 tax/taxlegal/backend/vendor/laravel/framework/src/Illuminate/Pipeline/Pipeline.php(144): Illuminate/Foundation/Http/Kernel->{closure:Illuminate/Foundation/Http/Kernel::dispatchToRouter():197}()
#20 D:/new -1 tax/taxlegal/backend/vendor/laravel/framework/src/Illuminate/Foundation/Http/Middleware/TransformsRequest.php(21): Illuminate/Pipeline/Pipeline->{closure:Illuminate/Pipeline/Pipeline::prepareDestination():142}()
#21 D:/new -1 tax/taxlegal/backend/vendor/laravel/framework/src/Illuminate/Foundation/Http/Middleware/ConvertEmptyStringsToNull.php(31): Illuminate/Foundation/Http/Middleware/TransformsRequest->handle()
#22 D:/new -1 tax/taxlegal/backend/vendor/laravel/framework/src/Illuminate/Pipeline/Pipeline.php(183): Illuminate/Foundation/Http/Middleware/ConvertEmptyStringsToNull->handle()
#23 D:/new -1 tax/taxlegal/backend/vendor/laravel/framework/src/Illuminate/Foundation/Http/Middleware/ValidatePostSize.php(27): Illuminate/Pipeline/Pipeline->{closure:{closure:Illuminate/Pipeline/Pipeline::carry():158}:159}()
#24 D:/new -1 tax/taxlegal/backend/vendor/laravel/framework/src/Illuminate/Pipeline/Pipeline.php(183): Illuminate/Foundation/Http/Middleware/ValidatePostSize->handle()
#25 D:/new -1 tax/taxlegal/backend/vendor/laravel/framework/src/Illuminate/Http/Middleware/HandleCors.php(62): Illuminate/Pipeline/Pipeline->{closure:{closure:Illuminate/Pipeline/Pipeline::carry():158}:159}()
#26 D:/new -1 tax/taxlegal/backend/vendor/laravel/framework/src/Illuminate/Pipeline/Pipeline.php(183): Illuminate/Http/Middleware/HandleCors->handle()
#27 D:/new -1 tax/taxlegal/backend/vendor/laravel/framework/src/Illuminate/Pipeline/Pipeline.php(119): Illuminate/Pipeline/Pipeline->{closure:{closure:Illuminate/Pipeline/Pipeline::carry():158}:159}()
#28 D:/new -1 tax/taxlegal/backend/vendor/laravel/framework/src/Illuminate/Foundation/Http/Kernel.php(175): Illuminate/Pipeline/Pipeline->then()
#29 D:/new -1 tax/taxlegal/backend/vendor/laravel/framework/src/Illuminate/Foundation/Http/Kernel.php(144): Illuminate/Foundation/Http/Kernel->sendRequestThroughRouter()
#30 D:/new -1 tax/taxlegal/backend/public/index.php(50): Illuminate/Foundation/Http/Kernel->handle()
#31 D:/new -1 tax/taxlegal/backend/vendor/laravel/framework/src/Illuminate/Foundation/resources/server.php(16): require_once('...')
#32 {main}
"} 
[2026-04-17 17:01:02] laravel.ERROR: Object of type Illuminate\Auth\AuthManager is not callable {"exception":"[object] (Error(code: 0): Object of type Illuminate\\Auth\\AuthManager is not callable at D:/new -1 tax/taxlegal/backend/vendor/laravel/framework/src/Illuminate/Pipeline/Pipeline.php:184)
[stacktrace]
#0 D:/new -1 tax/taxlegal/backend/vendor/laravel/framework/src/Illuminate/Routing/Middleware/SubstituteBindings.php(50): Illuminate/Pipeline/Pipeline->{closure:{closure:Illuminate/Pipeline/Pipeline::carry():158}:159}()
#1 D:/new -1 tax/taxlegal/backend/vendor/laravel/framework/src/Illuminate/Pipeline/Pipeline.php(183): Illuminate/Routing/Middleware/SubstituteBindings->handle()
#2 D:/new -1 tax/taxlegal/backend/vendor/laravel/framework/src/Illuminate/Routing/Middleware/ThrottleRequests.php(159): Illuminate/Pipeline/Pipeline->{closure:{closure:Illuminate/Pipeline/Pipeline::carry():158}:159}()
#3 D:/new -1 tax/taxlegal/backend/vendor/laravel/framework/src/Illuminate/Routing/Middleware/ThrottleRequests.php(125): Illuminate/Routing/Middleware/ThrottleRequests->handleRequest()
#4 D:/new -1 tax/taxlegal/backend/vendor/laravel/framework/src/Illuminate/Routing/Middleware/ThrottleRequests.php(87): Illuminate/Routing/Middleware/ThrottleRequests->handleRequestUsingNamedLimiter()
#5 D:/new -1 tax/taxlegal/backend/vendor/laravel/framework/src/Illuminate/Pipeline/Pipeline.php(183): Illuminate/Routing/Middleware/ThrottleRequests->handle()
#6 D:/new -1 tax/taxlegal/backend/vendor/laravel/framework/src/Illuminate/Pipeline/Pipeline.php(119): Illuminate/Pipeline/Pipeline->{closure:{closure:Illuminate/Pipeline/Pipeline::carry():158}:159}()
#7 D:/new -1 tax/taxlegal/backend/vendor/laravel/framework/src/Illuminate/Routing/Router.php(805): Illuminate/Pipeline/Pipeline->then()
#8 D:/new -1 tax/taxlegal/backend/vendor/laravel/framework/src/Illuminate/Routing/Router.php(784): Illuminate/Routing/Router->runRouteWithinStack()
#9 D:/new -1 tax/taxlegal/backend/vendor/laravel/framework/src/Illuminate/Routing/Router.php(748): Illuminate/Routing/Router->runRoute()
#10 D:/new -1 tax/taxlegal/backend/vendor/laravel/framework/src/Illuminate/Routing/Router.php(737): Illuminate/Routing/Router->dispatchToRoute()
#11 D:/new -1 tax/taxlegal/backend/vendor/laravel/framework/src/Illuminate/Foundation/Http/Kernel.php(200): Illuminate/Routing/Router->dispatch()
#12 D:/new -1 tax/taxlegal/backend/vendor/laravel/framework/src/Illuminate/Pipeline/Pipeline.php(144): Illuminate/Foundation/Http/Kernel->{closure:Illuminate/Foundation/Http/Kernel::dispatchToRouter():197}()
#13 D:/new -1 tax/taxlegal/backend/vendor/laravel/framework/src/Illuminate/Foundation/Http/Middleware/TransformsRequest.php(21): Illuminate/Pipeline/Pipeline->{closure:Illuminate/Pipeline/Pipeline::prepareDestination():142}()
#14 D:/new -1 tax/taxlegal/backend/vendor/laravel/framework/src/Illuminate/Foundation/Http/Middleware/ConvertEmptyStringsToNull.php(31): Illuminate/Foundation/Http/Middleware/TransformsRequest->handle()
#15 D:/new -1 tax/taxlegal/backend/vendor/laravel/framework/src/Illuminate/Pipeline/Pipeline.php(183): Illuminate/Foundation/Http/Middleware/ConvertEmptyStringsToNull->handle()
#16 D:/new -1 tax/taxlegal/backend/vendor/laravel/framework/src/Illuminate/Foundation/Http/Middleware/ValidatePostSize.php(27): Illuminate/Pipeline/Pipeline->{closure:{closure:Illuminate/Pipeline/Pipeline::carry():158}:159}()
#17 D:/new -1 tax/taxlegal/backend/vendor/laravel/framework/src/Illuminate/Pipeline/Pipeline.php(183): Illuminate/Foundation/Http/Middleware/ValidatePostSize->handle()
#18 D:/new -1 tax/taxlegal/backend/vendor/laravel/framework/src/Illuminate/Http/Middleware/HandleCors.php(62): Illuminate/Pipeline/Pipeline->{closure:{closure:Illuminate/Pipeline/Pipeline::carry():158}:159}()
#19 D:/new -1 tax/taxlegal/backend/vendor/laravel/framework/src/Illuminate/Pipeline/Pipeline.php(183): Illuminate/Http/Middleware/HandleCors->handle()
#20 D:/new -1 tax/taxlegal/backend/vendor/laravel/framework/src/Illuminate/Pipeline/Pipeline.php(119): Illuminate/Pipeline/Pipeline->{closure:{closure:Illuminate/Pipeline/Pipeline::carry():158}:159}()
#21 D:/new -1 tax/taxlegal/backend/vendor/laravel/framework/src/Illuminate/Foundation/Http/Kernel.php(175): Illuminate/Pipeline/Pipeline->then()
#22 D:/new -1 tax/taxlegal/backend/vendor/laravel/framework/src/Illuminate/Foundation/Http/Kernel.php(144): Illuminate/Foundation/Http/Kernel->sendRequestThroughRouter()
#23 D:/new -1 tax/taxlegal/backend/public/index.php(50): Illuminate/Foundation/Http/Kernel->handle()
#24 D:/new -1 tax/taxlegal/backend/vendor/laravel/framework/src/Illuminate/Foundation/resources/server.php(16): require_once('...')
#25 {main}
"} 
[2026-04-17 17:02:19] laravel.EMERGENCY: Unable to create configured logger. Using emergency logger. {"exception":"[object] (InvalidArgumentException(code: 0): Log [] is not defined. at D:/new -1 tax/taxlegal/backend/vendor/laravel/framework/src/Illuminate/Log/LogManager.php:212)
[stacktrace]
#0 D:/new -1 tax/taxlegal/backend/vendor/laravel/framework/src/Illuminate/Log/LogManager.php(137): Illuminate/Log/LogManager->resolve()
#1 D:/new -1 tax/taxlegal/backend/vendor/laravel/framework/src/Illuminate/Log/LogManager.php(124): Illuminate/Log/LogManager->get()
#2 D:/new -1 tax/taxlegal/backend/vendor/laravel/framework/src/Illuminate/Log/LogManager.php(681): Illuminate/Log/LogManager->driver()
#3 D:/new -1 tax/taxlegal/backend/vendor/laravel/framework/src/Illuminate/Foundation/Exceptions/Handler.php(317): Illuminate/Log/LogManager->error()
#4 D:/new -1 tax/taxlegal/backend/vendor/laravel/framework/src/Illuminate/Foundation/Exceptions/Handler.php(278): Illuminate/Foundation/Exceptions/Handler->reportThrowable()
#5 D:/new -1 tax/taxlegal/backend/vendor/laravel/framework/src/Illuminate/Routing/Pipeline.php(49): Illuminate/Foundation/Exceptions/Handler->report()
#6 D:/new -1 tax/taxlegal/backend/vendor/laravel/framework/src/Illuminate/Pipeline/Pipeline.php(188): Illuminate/Routing/Pipeline->handleException()
#7 D:/new -1 tax/taxlegal/backend/vendor/laravel/framework/src/Illuminate/Routing/Middleware/SubstituteBindings.php(50): Illuminate/Pipeline/Pipeline->{closure:{closure:Illuminate/Pipeline/Pipeline::carry():158}:159}()
#8 D:/new -1 tax/taxlegal/backend/vendor/laravel/framework/src/Illuminate/Pipeline/Pipeline.php(183): Illuminate/Routing/Middleware/SubstituteBindings->handle()
#9 D:/new -1 tax/taxlegal/backend/vendor/laravel/framework/src/Illuminate/Routing/Middleware/ThrottleRequests.php(159): Illuminate/Pipeline/Pipeline->{closure:{closure:Illuminate/Pipeline/Pipeline::carry():158}:159}()
#10 D:/new -1 tax/taxlegal/backend/vendor/laravel/framework/src/Illuminate/Routing/Middleware/ThrottleRequests.php(125): Illuminate/Routing/Middleware/ThrottleRequests->handleRequest()
#11 D:/new -1 tax/taxlegal/backend/vendor/laravel/framework/src/Illuminate/Routing/Middleware/ThrottleRequests.php(87): Illuminate/Routing/Middleware/ThrottleRequests->handleRequestUsingNamedLimiter()
#12 D:/new -1 tax/taxlegal/backend/vendor/laravel/framework/src/Illuminate/Pipeline/Pipeline.php(183): Illuminate/Routing/Middleware/ThrottleRequests->handle()
#13 D:/new -1 tax/taxlegal/backend/vendor/laravel/framework/src/Illuminate/Pipeline/Pipeline.php(119): Illuminate/Pipeline/Pipeline->{closure:{closure:Illuminate/Pipeline/Pipeline::carry():158}:159}()
#14 D:/new -1 tax/taxlegal/backend/vendor/laravel/framework/src/Illuminate/Routing/Router.php(805): Illuminate/Pipeline/Pipeline->then()
#15 D:/new -1 tax/taxlegal/backend/vendor/laravel/framework/src/Illuminate/Routing/Router.php(784): Illuminate/Routing/Router->runRouteWithinStack()
#16 D:/new -1 tax/taxlegal/backend/vendor/laravel/framework/src/Illuminate/Routing/Router.php(748): Illuminate/Routing/Router->runRoute()
#17 D:/new -1 tax/taxlegal/backend/vendor/laravel/framework/src/Illuminate/Routing/Router.php(737): Illuminate/Routing/Router->dispatchToRoute()
#18 D:/new -1 tax/taxlegal/backend/vendor/laravel/framework/src/Illuminate/Foundation/Http/Kernel.php(200): Illuminate/Routing/Router->dispatch()
#19 D:/new -1 tax/taxlegal/backend/vendor/laravel/framework/src/Illuminate/Pipeline/Pipeline.php(144): Illuminate/Foundation/Http/Kernel->{closure:Illuminate/Foundation/Http/Kernel::dispatchToRouter():197}()
#20 D:/new -1 tax/taxlegal/backend/vendor/laravel/framework/src/Illuminate/Foundation/Http/Middleware/TransformsRequest.php(21): Illuminate/Pipeline/Pipeline->{closure:Illuminate/Pipeline/Pipeline::prepareDestination():142}()
#21 D:/new -1 tax/taxlegal/backend/vendor/laravel/framework/src/Illuminate/Foundation/Http/Middleware/ConvertEmptyStringsToNull.php(31): Illuminate/Foundation/Http/Middleware/TransformsRequest->handle()
#22 D:/new -1 tax/taxlegal/backend/vendor/laravel/framework/src/Illuminate/Pipeline/Pipeline.php(183): Illuminate/Foundation/Http/Middleware/ConvertEmptyStringsToNull->handle()
#23 D:/new -1 tax/taxlegal/backend/vendor/laravel/framework/src/Illuminate/Foundation/Http/Middleware/ValidatePostSize.php(27): Illuminate/Pipeline/Pipeline->{closure:{closure:Illuminate/Pipeline/Pipeline::carry():158}:159}()
#24 D:/new -1 tax/taxlegal/backend/vendor/laravel/framework/src/Illuminate/Pipeline/Pipeline.php(183): Illuminate/Foundation/Http/Middleware/ValidatePostSize->handle()
#25 D:/new -1 tax/taxlegal/backend/vendor/laravel/framework/src/Illuminate/Http/Middleware/HandleCors.php(62): Illuminate/Pipeline/Pipeline->{closure:{closure:Illuminate/Pipeline/Pipeline::carry():158}:159}()
#26 D:/new -1 tax/taxlegal/backend/vendor/laravel/framework/src/Illuminate/Pipeline/Pipeline.php(183): Illuminate/Http/Middleware/HandleCors->handle()
#27 D:/new -1 tax/taxlegal/backend/vendor/laravel/framework/src/Illuminate/Pipeline/Pipeline.php(119): Illuminate/Pipeline/Pipeline->{closure:{closure:Illuminate/Pipeline/Pipeline::carry():158}:159}()
#28 D:/new -1 tax/taxlegal/backend/vendor/laravel/framework/src/Illuminate/Foundation/Http/Kernel.php(175): Illuminate/Pipeline/Pipeline->then()
#29 D:/new -1 tax/taxlegal/backend/vendor/laravel/framework/src/Illuminate/Foundation/Http/Kernel.php(144): Illuminate/Foundation/Http/Kernel->sendRequestThroughRouter()
#30 D:/new -1 tax/taxlegal/backend/public/index.php(50): Illuminate/Foundation/Http/Kernel->handle()
#31 D:/new -1 tax/taxlegal/backend/vendor/laravel/framework/src/Illuminate/Foundation/resources/server.php(16): require_once('...')
#32 {main}
"} 
[2026-04-17 17:02:19] laravel.ERROR: Object of type Illuminate\Auth\AuthManager is not callable {"exception":"[object] (Error(code: 0): Object of type Illuminate\\Auth\\AuthManager is not callable at D:/new -1 tax/taxlegal/backend/vendor/laravel/framework/src/Illuminate/Pipeline/Pipeline.php:184)
[stacktrace]
#0 D:/new -1 tax/taxlegal/backend/vendor/laravel/framework/src/Illuminate/Routing/Middleware/SubstituteBindings.php(50): Illuminate/Pipeline/Pipeline->{closure:{closure:Illuminate/Pipeline/Pipeline::carry():158}:159}()
#1 D:/new -1 tax/taxlegal/backend/vendor/laravel/framework/src/Illuminate/Pipeline/Pipeline.php(183): Illuminate/Routing/Middleware/SubstituteBindings->handle()
#2 D:/new -1 tax/taxlegal/backend/vendor/laravel/framework/src/Illuminate/Routing/Middleware/ThrottleRequests.php(159): Illuminate/Pipeline/Pipeline->{closure:{closure:Illuminate/Pipeline/Pipeline::carry():158}:159}()
#3 D:/new -1 tax/taxlegal/backend/vendor/laravel/framework/src/Illuminate/Routing/Middleware/ThrottleRequests.php(125): Illuminate/Routing/Middleware/ThrottleRequests->handleRequest()
#4 D:/new -1 tax/taxlegal/backend/vendor/laravel/framework/src/Illuminate/Routing/Middleware/ThrottleRequests.php(87): Illuminate/Routing/Middleware/ThrottleRequests->handleRequestUsingNamedLimiter()
#5 D:/new -1 tax/taxlegal/backend/vendor/laravel/framework/src/Illuminate/Pipeline/Pipeline.php(183): Illuminate/Routing/Middleware/ThrottleRequests->handle()
#6 D:/new -1 tax/taxlegal/backend/vendor/laravel/framework/src/Illuminate/Pipeline/Pipeline.php(119): Illuminate/Pipeline/Pipeline->{closure:{closure:Illuminate/Pipeline/Pipeline::carry():158}:159}()
#7 D:/new -1 tax/taxlegal/backend/vendor/laravel/framework/src/Illuminate/Routing/Router.php(805): Illuminate/Pipeline/Pipeline->then()
#8 D:/new -1 tax/taxlegal/backend/vendor/laravel/framework/src/Illuminate/Routing/Router.php(784): Illuminate/Routing/Router->runRouteWithinStack()
#9 D:/new -1 tax/taxlegal/backend/vendor/laravel/framework/src/Illuminate/Routing/Router.php(748): Illuminate/Routing/Router->runRoute()
#10 D:/new -1 tax/taxlegal/backend/vendor/laravel/framework/src/Illuminate/Routing/Router.php(737): Illuminate/Routing/Router->dispatchToRoute()
#11 D:/new -1 tax/taxlegal/backend/vendor/laravel/framework/src/Illuminate/Foundation/Http/Kernel.php(200): Illuminate/Routing/Router->dispatch()
#12 D:/new -1 tax/taxlegal/backend/vendor/laravel/framework/src/Illuminate/Pipeline/Pipeline.php(144): Illuminate/Foundation/Http/Kernel->{closure:Illuminate/Foundation/Http/Kernel::dispatchToRouter():197}()
#13 D:/new -1 tax/taxlegal/backend/vendor/laravel/framework/src/Illuminate/Foundation/Http/Middleware/TransformsRequest.php(21): Illuminate/Pipeline/Pipeline->{closure:Illuminate/Pipeline/Pipeline::prepareDestination():142}()
#14 D:/new -1 tax/taxlegal/backend/vendor/laravel/framework/src/Illuminate/Foundation/Http/Middleware/ConvertEmptyStringsToNull.php(31): Illuminate/Foundation/Http/Middleware/TransformsRequest->handle()
#15 D:/new -1 tax/taxlegal/backend/vendor/laravel/framework/src/Illuminate/Pipeline/Pipeline.php(183): Illuminate/Foundation/Http/Middleware/ConvertEmptyStringsToNull->handle()
#16 D:/new -1 tax/taxlegal/backend/vendor/laravel/framework/src/Illuminate/Foundation/Http/Middleware/ValidatePostSize.php(27): Illuminate/Pipeline/Pipeline->{closure:{closure:Illuminate/Pipeline/Pipeline::carry():158}:159}()
#17 D:/new -1 tax/taxlegal/backend/vendor/laravel/framework/src/Illuminate/Pipeline/Pipeline.php(183): Illuminate/Foundation/Http/Middleware/ValidatePostSize->handle()
#18 D:/new -1 tax/taxlegal/backend/vendor/laravel/framework/src/Illuminate/Http/Middleware/HandleCors.php(62): Illuminate/Pipeline/Pipeline->{closure:{closure:Illuminate/Pipeline/Pipeline::carry():158}:159}()
#19 D:/new -1 tax/taxlegal/backend/vendor/laravel/framework/src/Illuminate/Pipeline/Pipeline.php(183): Illuminate/Http/Middleware/HandleCors->handle()
#20 D:/new -1 tax/taxlegal/backend/vendor/laravel/framework/src/Illuminate/Pipeline/Pipeline.php(119): Illuminate/Pipeline/Pipeline->{closure:{closure:Illuminate/Pipeline/Pipeline::carry():158}:159}()
#21 D:/new -1 tax/taxlegal/backend/vendor/laravel/framework/src/Illuminate/Foundation/Http/Kernel.php(175): Illuminate/Pipeline/Pipeline->then()
#22 D:/new -1 tax/taxlegal/backend/vendor/laravel/framework/src/Illuminate/Foundation/Http/Kernel.php(144): Illuminate/Foundation/Http/Kernel->sendRequestThroughRouter()
#23 D:/new -1 tax/taxlegal/backend/public/index.php(50): Illuminate/Foundation/Http/Kernel->handle()
#24 D:/new -1 tax/taxlegal/backend/vendor/laravel/framework/src/Illuminate/Foundation/resources/server.php(16): require_once('...')
#25 {main}
"} 
[2026-04-18 04:28:45] laravel.EMERGENCY: Unable to create configured logger. Using emergency logger. {"exception":"[object] (InvalidArgumentException(code: 0): Log [] is not defined. at D:/new -1 tax/taxlegal/backend/vendor/laravel/framework/src/Illuminate/Log/LogManager.php:212)
[stacktrace]
#0 D:/new -1 tax/taxlegal/backend/vendor/laravel/framework/src/Illuminate/Log/LogManager.php(137): Illuminate/Log/LogManager->resolve()
#1 D:/new -1 tax/taxlegal/backend/vendor/laravel/framework/src/Illuminate/Log/LogManager.php(124): Illuminate/Log/LogManager->get()
#2 D:/new -1 tax/taxlegal/backend/vendor/laravel/framework/src/Illuminate/Log/LogManager.php(681): Illuminate/Log/LogManager->driver()
#3 D:/new -1 tax/taxlegal/backend/vendor/laravel/framework/src/Illuminate/Foundation/Exceptions/Handler.php(317): Illuminate/Log/LogManager->error()
#4 D:/new -1 tax/taxlegal/backend/vendor/laravel/framework/src/Illuminate/Foundation/Exceptions/Handler.php(278): Illuminate/Foundation/Exceptions/Handler->reportThrowable()
#5 D:/new -1 tax/taxlegal/backend/vendor/nunomaduro/collision/src/Adapters/Laravel/ExceptionHandler.php(46): Illuminate/Foundation/Exceptions/Handler->report()
#6 D:/new -1 tax/taxlegal/backend/vendor/laravel/framework/src/Illuminate/Foundation/Console/Kernel.php(523): NunoMaduro/Collision/Adapters/Laravel/ExceptionHandler->report()
#7 D:/new -1 tax/taxlegal/backend/vendor/laravel/framework/src/Illuminate/Foundation/Console/Kernel.php(203): Illuminate/Foundation/Console/Kernel->reportException()
#8 D:/new -1 tax/taxlegal/backend/artisan(35): Illuminate/Foundation/Console/Kernel->handle()
#9 {main}
"} 
[2026-04-18 04:28:45] laravel.ERROR: PHP Parse error: Syntax error, unexpected T_NS_SEPARATOR on line 1 {"exception":"[object] (Psy\\Exception\\ParseErrorException(code: 0): PHP Parse error: Syntax error, unexpected T_NS_SEPARATOR on line 1 at D:/new -1 tax/taxlegal/backend/vendor/psy/psysh/src/Exception/ParseErrorException.php:44)
[stacktrace]
#0 D:/new -1 tax/taxlegal/backend/vendor/psy/psysh/src/CodeCleaner.php(657): Psy/Exception/ParseErrorException::fromParseError()
#1 D:/new -1 tax/taxlegal/backend/vendor/psy/psysh/src/CodeCleaner.php(273): Psy/CodeCleaner->parse()
#2 D:/new -1 tax/taxlegal/backend/vendor/psy/psysh/src/Shell.php(1358): Psy/CodeCleaner->clean()
#3 D:/new -1 tax/taxlegal/backend/vendor/psy/psysh/src/Shell.php(1465): Psy/Shell->appendCode()
#4 D:/new -1 tax/taxlegal/backend/vendor/psy/psysh/src/Shell.php(2173): Psy/Shell->setCode()
#5 D:/new -1 tax/taxlegal/backend/vendor/laravel/tinker/src/Console/TinkerCommand.php(77): Psy/Shell->execute()
#6 D:/new -1 tax/taxlegal/backend/vendor/laravel/framework/src/Illuminate/Container/BoundMethod.php(36): Laravel/Tinker/Console/TinkerCommand->handle()
#7 D:/new -1 tax/taxlegal/backend/vendor/laravel/framework/src/Illuminate/Container/Util.php(41): Illuminate/Container/BoundMethod::{closure:Illuminate/Container/BoundMethod::call():35}()
#8 D:/new -1 tax/taxlegal/backend/vendor/laravel/framework/src/Illuminate/Container/BoundMethod.php(93): Illuminate/Container/Util::unwrapIfClosure()
#9 D:/new -1 tax/taxlegal/backend/vendor/laravel/framework/src/Illuminate/Container/BoundMethod.php(35): Illuminate/Container/BoundMethod::callBoundMethod()
#10 D:/new -1 tax/taxlegal/backend/vendor/laravel/framework/src/Illuminate/Container/Container.php(662): Illuminate/Container/BoundMethod::call()
#11 D:/new -1 tax/taxlegal/backend/vendor/laravel/framework/src/Illuminate/Console/Command.php(211): Illuminate/Container/Container->call()
#12 D:/new -1 tax/taxlegal/backend/vendor/symfony/console/Command/Command.php(326): Illuminate/Console/Command->execute()
#13 D:/new -1 tax/taxlegal/backend/vendor/laravel/framework/src/Illuminate/Console/Command.php(180): Symfony/Component/Console/Command/Command->run()
#14 D:/new -1 tax/taxlegal/backend/vendor/symfony/console/Application.php(1121): Illuminate/Console/Command->run()
#15 D:/new -1 tax/taxlegal/backend/vendor/symfony/console/Application.php(324): Symfony/Component/Console/Application->doRunCommand()
#16 D:/new -1 tax/taxlegal/backend/vendor/symfony/console/Application.php(175): Symfony/Component/Console/Application->doRun()
#17 D:/new -1 tax/taxlegal/backend/vendor/laravel/framework/src/Illuminate/Foundation/Console/Kernel.php(201): Symfony/Component/Console/Application->run()
#18 D:/new -1 tax/taxlegal/backend/artisan(35): Illuminate/Foundation/Console/Kernel->handle()
#19 {main}
"} 
[2026-04-18 06:37:26] laravel.EMERGENCY: Unable to create configured logger. Using emergency logger. {"exception":"[object] (InvalidArgumentException(code: 0): Log [] is not defined. at D:/new -1 tax/taxlegal/backend/vendor/laravel/framework/src/Illuminate/Log/LogManager.php:212)
[stacktrace]
#0 D:/new -1 tax/taxlegal/backend/vendor/laravel/framework/src/Illuminate/Log/LogManager.php(137): Illuminate/Log/LogManager->resolve()
#1 D:/new -1 tax/taxlegal/backend/vendor/laravel/framework/src/Illuminate/Log/LogManager.php(124): Illuminate/Log/LogManager->get()
#2 D:/new -1 tax/taxlegal/backend/vendor/laravel/framework/src/Illuminate/Log/LogManager.php(681): Illuminate/Log/LogManager->driver()
#3 D:/new -1 tax/taxlegal/backend/vendor/laravel/framework/src/Illuminate/Foundation/Exceptions/Handler.php(317): Illuminate/Log/LogManager->error()
#4 D:/new -1 tax/taxlegal/backend/vendor/laravel/framework/src/Illuminate/Foundation/Exceptions/Handler.php(278): Illuminate/Foundation/Exceptions/Handler->reportThrowable()
#5 D:/new -1 tax/taxlegal/backend/vendor/laravel/framework/src/Illuminate/Routing/Pipeline.php(49): Illuminate/Foundation/Exceptions/Handler->report()
#6 D:/new -1 tax/taxlegal/backend/vendor/laravel/framework/src/Illuminate/Pipeline/Pipeline.php(146): Illuminate/Routing/Pipeline->handleException()
#7 D:/new -1 tax/taxlegal/backend/vendor/laravel/framework/src/Illuminate/Routing/Middleware/SubstituteBindings.php(50): Illuminate/Pipeline/Pipeline->{closure:Illuminate/Pipeline/Pipeline::prepareDestination():142}()
#8 D:/new -1 tax/taxlegal/backend/vendor/laravel/framework/src/Illuminate/Pipeline/Pipeline.php(183): Illuminate/Routing/Middleware/SubstituteBindings->handle()
#9 D:/new -1 tax/taxlegal/backend/vendor/laravel/framework/src/Illuminate/Routing/Middleware/ThrottleRequests.php(159): Illuminate/Pipeline/Pipeline->{closure:{closure:Illuminate/Pipeline/Pipeline::carry():158}:159}()
#10 D:/new -1 tax/taxlegal/backend/vendor/laravel/framework/src/Illuminate/Routing/Middleware/ThrottleRequests.php(125): Illuminate/Routing/Middleware/ThrottleRequests->handleRequest()
#11 D:/new -1 tax/taxlegal/backend/vendor/laravel/framework/src/Illuminate/Routing/Middleware/ThrottleRequests.php(87): Illuminate/Routing/Middleware/ThrottleRequests->handleRequestUsingNamedLimiter()
#12 D:/new -1 tax/taxlegal/backend/vendor/laravel/framework/src/Illuminate/Pipeline/Pipeline.php(183): Illuminate/Routing/Middleware/ThrottleRequests->handle()
#13 D:/new -1 tax/taxlegal/backend/vendor/laravel/framework/src/Illuminate/Auth/Middleware/Authenticate.php(57): Illuminate/Pipeline/Pipeline->{closure:{closure:Illuminate/Pipeline/Pipeline::carry():158}:159}()
#14 D:/new -1 tax/taxlegal/backend/vendor/laravel/framework/src/Illuminate/Pipeline/Pipeline.php(183): Illuminate/Auth/Middleware/Authenticate->handle()
#15 D:/new -1 tax/taxlegal/backend/vendor/laravel/framework/src/Illuminate/Pipeline/Pipeline.php(119): Illuminate/Pipeline/Pipeline->{closure:{closure:Illuminate/Pipeline/Pipeline::carry():158}:159}()
#16 D:/new -1 tax/taxlegal/backend/vendor/laravel/framework/src/Illuminate/Routing/Router.php(805): Illuminate/Pipeline/Pipeline->then()
#17 D:/new -1 tax/taxlegal/backend/vendor/laravel/framework/src/Illuminate/Routing/Router.php(784): Illuminate/Routing/Router->runRouteWithinStack()
#18 D:/new -1 tax/taxlegal/backend/vendor/laravel/framework/src/Illuminate/Routing/Router.php(748): Illuminate/Routing/Router->runRoute()
#19 D:/new -1 tax/taxlegal/backend/vendor/laravel/framework/src/Illuminate/Routing/Router.php(737): Illuminate/Routing/Router->dispatchToRoute()
#20 D:/new -1 tax/taxlegal/backend/vendor/laravel/framework/src/Illuminate/Foundation/Http/Kernel.php(200): Illuminate/Routing/Router->dispatch()
#21 D:/new -1 tax/taxlegal/backend/vendor/laravel/framework/src/Illuminate/Pipeline/Pipeline.php(144): Illuminate/Foundation/Http/Kernel->{closure:Illuminate/Foundation/Http/Kernel::dispatchToRouter():197}()
#22 D:/new -1 tax/taxlegal/backend/vendor/laravel/framework/src/Illuminate/Foundation/Http/Middleware/TransformsRequest.php(21): Illuminate/Pipeline/Pipeline->{closure:Illuminate/Pipeline/Pipeline::prepareDestination():142}()
#23 D:/new -1 tax/taxlegal/backend/vendor/laravel/framework/src/Illuminate/Foundation/Http/Middleware/ConvertEmptyStringsToNull.php(31): Illuminate/Foundation/Http/Middleware/TransformsRequest->handle()
#24 D:/new -1 tax/taxlegal/backend/vendor/laravel/framework/src/Illuminate/Pipeline/Pipeline.php(183): Illuminate/Foundation/Http/Middleware/ConvertEmptyStringsToNull->handle()
#25 D:/new -1 tax/taxlegal/backend/vendor/laravel/framework/src/Illuminate/Foundation/Http/Middleware/TransformsRequest.php(21): Illuminate/Pipeline/Pipeline->{closure:{closure:Illuminate/Pipeline/Pipeline::carry():158}:159}()
#26 D:/new -1 tax/taxlegal/backend/vendor/laravel/framework/src/Illuminate/Foundation/Http/Middleware/TrimStrings.php(40): Illuminate/Foundation/Http/Middleware/TransformsRequest->handle()
#27 D:/new -1 tax/taxlegal/backend/vendor/laravel/framework/src/Illuminate/Pipeline/Pipeline.php(183): Illuminate/Foundation/Http/Middleware/TrimStrings->handle()
#28 D:/new -1 tax/taxlegal/backend/vendor/laravel/framework/src/Illuminate/Foundation/Http/Middleware/ValidatePostSize.php(27): Illuminate/Pipeline/Pipeline->{closure:{closure:Illuminate/Pipeline/Pipeline::carry():158}:159}()
#29 D:/new -1 tax/taxlegal/backend/vendor/laravel/framework/src/Illuminate/Pipeline/Pipeline.php(183): Illuminate/Foundation/Http/Middleware/ValidatePostSize->handle()
#30 D:/new -1 tax/taxlegal/backend/vendor/laravel/framework/src/Illuminate/Foundation/Http/Middleware/PreventRequestsDuringMaintenance.php(99): Illuminate/Pipeline/Pipeline->{closure:{closure:Illuminate/Pipeline/Pipeline::carry():158}:159}()
#31 D:/new -1 tax/taxlegal/backend/vendor/laravel/framework/src/Illuminate/Pipeline/Pipeline.php(183): Illuminate/Foundation/Http/Middleware/PreventRequestsDuringMaintenance->handle()
#32 D:/new -1 tax/taxlegal/backend/vendor/laravel/framework/src/Illuminate/Http/Middleware/HandleCors.php(62): Illuminate/Pipeline/Pipeline->{closure:{closure:Illuminate/Pipeline/Pipeline::carry():158}:159}()
#33 D:/new -1 tax/taxlegal/backend/vendor/laravel/framework/src/Illuminate/Pipeline/Pipeline.php(183): Illuminate/Http/Middleware/HandleCors->handle()
#34 D:/new -1 tax/taxlegal/backend/vendor/laravel/framework/src/Illuminate/Http/Middleware/TrustProxies.php(39): Illuminate/Pipeline/Pipeline->{closure:{closure:Illuminate/Pipeline/Pipeline::carry():158}:159}()
#35 D:/new -1 tax/taxlegal/backend/vendor/laravel/framework/src/Illuminate/Pipeline/Pipeline.php(183): Illuminate/Http/Middleware/TrustProxies->handle()
#36 D:/new -1 tax/taxlegal/backend/vendor/laravel/framework/src/Illuminate/Pipeline/Pipeline.php(119): Illuminate/Pipeline/Pipeline->{closure:{closure:Illuminate/Pipeline/Pipeline::carry():158}:159}()
#37 D:/new -1 tax/taxlegal/backend/vendor/laravel/framework/src/Illuminate/Foundation/Http/Kernel.php(175): Illuminate/Pipeline/Pipeline->then()
#38 D:/new -1 tax/taxlegal/backend/vendor/laravel/framework/src/Illuminate/Foundation/Http/Kernel.php(144): Illuminate/Foundation/Http/Kernel->sendRequestThroughRouter()
#39 D:/new -1 tax/taxlegal/backend/public/index.php(50): Illuminate/Foundation/Http/Kernel->handle()
#40 D:/new -1 tax/taxlegal/backend/vendor/laravel/framework/src/Illuminate/Foundation/resources/server.php(16): require_once('...')
#41 {main}
"} 
[2026-04-18 06:37:26] laravel.ERROR: Unable to guess the MIME type as no guessers are available (have you enabled the php_fileinfo extension?). {"userId":3,"exception":"[object] (Symfony\\Component\\Mime\\Exception\\LogicException(code: 0): Unable to guess the MIME type as no guessers are available (have you enabled the php_fileinfo extension?). at D:/new -1 tax/taxlegal/backend/vendor/symfony/mime/MimeTypes.php:129)
[stacktrace]
#0 D:/new -1 tax/taxlegal/backend/vendor/symfony/http-foundation/File/File.php(77): Symfony/Component/Mime/MimeTypes->guessMimeType()
#1 D:/new -1 tax/taxlegal/backend/vendor/symfony/http-foundation/File/File.php(59): Symfony/Component/HttpFoundation/File/File->getMimeType()
#2 D:/new -1 tax/taxlegal/backend/vendor/laravel/framework/src/Illuminate/Validation/Concerns/ValidatesAttributes.php(1508): Symfony/Component/HttpFoundation/File/File->guessExtension()
#3 D:/new -1 tax/taxlegal/backend/vendor/laravel/framework/src/Illuminate/Validation/Concerns/ValidatesAttributes.php(1315): Illuminate/Validation/Validator->validateMimes()
#4 D:/new -1 tax/taxlegal/backend/vendor/laravel/framework/src/Illuminate/Validation/Validator.php(660): Illuminate/Validation/Validator->validateImage()
#5 D:/new -1 tax/taxlegal/backend/vendor/laravel/framework/src/Illuminate/Validation/Validator.php(459): Illuminate/Validation/Validator->validateAttribute()
#6 D:/new -1 tax/taxlegal/backend/vendor/laravel/framework/src/Illuminate/Validation/Validator.php(494): Illuminate/Validation/Validator->passes()
#7 D:/new -1 tax/taxlegal/backend/vendor/laravel/framework/src/Illuminate/Validation/Validator.php(536): Illuminate/Validation/Validator->fails()
#8 D:/new -1 tax/taxlegal/backend/vendor/laravel/framework/src/Illuminate/Foundation/Providers/FoundationServiceProvider.php(124): Illuminate/Validation/Validator->validate()
#9 D:/new -1 tax/taxlegal/backend/vendor/laravel/framework/src/Illuminate/Macroable/Traits/Macroable.php(123): Illuminate/Http/Request->{closure:Illuminate/Foundation/Providers/FoundationServiceProvider::registerRequestValidation():116}()
#10 D:/new -1 tax/taxlegal/backend/app/Http/Controllers/Api/PostController.php(72): Illuminate/Http/Request->__call()
#11 D:/new -1 tax/taxlegal/backend/vendor/laravel/framework/src/Illuminate/Routing/Controller.php(54): App/Http/Controllers/Api/PostController->store()
#12 D:/new -1 tax/taxlegal/backend/vendor/laravel/framework/src/Illuminate/Routing/ControllerDispatcher.php(43): Illuminate/Routing/Controller->callAction()
#13 D:/new -1 tax/taxlegal/backend/vendor/laravel/framework/src/Illuminate/Routing/Route.php(259): Illuminate/Routing/ControllerDispatcher->dispatch()
#14 D:/new -1 tax/taxlegal/backend/vendor/laravel/framework/src/Illuminate/Routing/Route.php(205): Illuminate/Routing/Route->runController()
#15 D:/new -1 tax/taxlegal/backend/vendor/laravel/framework/src/Illuminate/Routing/Router.php(806): Illuminate/Routing/Route->run()
#16 D:/new -1 tax/taxlegal/backend/vendor/laravel/framework/src/Illuminate/Pipeline/Pipeline.php(144): Illuminate/Routing/Router->{closure:Illuminate/Routing/Router::runRouteWithinStack():805}()
#17 D:/new -1 tax/taxlegal/backend/vendor/laravel/framework/src/Illuminate/Routing/Middleware/SubstituteBindings.php(50): Illuminate/Pipeline/Pipeline->{closure:Illuminate/Pipeline/Pipeline::prepareDestination():142}()
#18 D:/new -1 tax/taxlegal/backend/vendor/laravel/framework/src/Illuminate/Pipeline/Pipeline.php(183): Illuminate/Routing/Middleware/SubstituteBindings->handle()
#19 D:/new -1 tax/taxlegal/backend/vendor/laravel/framework/src/Illuminate/Routing/Middleware/ThrottleRequests.php(159): Illuminate/Pipeline/Pipeline->{closure:{closure:Illuminate/Pipeline/Pipeline::carry():158}:159}()
#20 D:/new -1 tax/taxlegal/backend/vendor/laravel/framework/src/Illuminate/Routing/Middleware/ThrottleRequests.php(125): Illuminate/Routing/Middleware/ThrottleRequests->handleRequest()
#21 D:/new -1 tax/taxlegal/backend/vendor/laravel/framework/src/Illuminate/Routing/Middleware/ThrottleRequests.php(87): Illuminate/Routing/Middleware/ThrottleRequests->handleRequestUsingNamedLimiter()
#22 D:/new -1 tax/taxlegal/backend/vendor/laravel/framework/src/Illuminate/Pipeline/Pipeline.php(183): Illuminate/Routing/Middleware/ThrottleRequests->handle()
#23 D:/new -1 tax/taxlegal/backend/vendor/laravel/framework/src/Illuminate/Auth/Middleware/Authenticate.php(57): Illuminate/Pipeline/Pipeline->{closure:{closure:Illuminate/Pipeline/Pipeline::carry():158}:159}()
#24 D:/new -1 tax/taxlegal/backend/vendor/laravel/framework/src/Illuminate/Pipeline/Pipeline.php(183): Illuminate/Auth/Middleware/Authenticate->handle()
#25 D:/new -1 tax/taxlegal/backend/vendor/laravel/framework/src/Illuminate/Pipeline/Pipeline.php(119): Illuminate/Pipeline/Pipeline->{closure:{closure:Illuminate/Pipeline/Pipeline::carry():158}:159}()
#26 D:/new -1 tax/taxlegal/backend/vendor/laravel/framework/src/Illuminate/Routing/Router.php(805): Illuminate/Pipeline/Pipeline->then()
#27 D:/new -1 tax/taxlegal/backend/vendor/laravel/framework/src/Illuminate/Routing/Router.php(784): Illuminate/Routing/Router->runRouteWithinStack()
#28 D:/new -1 tax/taxlegal/backend/vendor/laravel/framework/src/Illuminate/Routing/Router.php(748): Illuminate/Routing/Router->runRoute()
#29 D:/new -1 tax/taxlegal/backend/vendor/laravel/framework/src/Illuminate/Routing/Router.php(737): Illuminate/Routing/Router->dispatchToRoute()
#30 D:/new -1 tax/taxlegal/backend/vendor/laravel/framework/src/Illuminate/Foundation/Http/Kernel.php(200): Illuminate/Routing/Router->dispatch()
#31 D:/new -1 tax/taxlegal/backend/vendor/laravel/framework/src/Illuminate/Pipeline/Pipeline.php(144): Illuminate/Foundation/Http/Kernel->{closure:Illuminate/Foundation/Http/Kernel::dispatchToRouter():197}()
#32 D:/new -1 tax/taxlegal/backend/vendor/laravel/framework/src/Illuminate/Foundation/Http/Middleware/TransformsRequest.php(21): Illuminate/Pipeline/Pipeline->{closure:Illuminate/Pipeline/Pipeline::prepareDestination():142}()
#33 D:/new -1 tax/taxlegal/backend/vendor/laravel/framework/src/Illuminate/Foundation/Http/Middleware/ConvertEmptyStringsToNull.php(31): Illuminate/Foundation/Http/Middleware/TransformsRequest->handle()
#34 D:/new -1 tax/taxlegal/backend/vendor/laravel/framework/src/Illuminate/Pipeline/Pipeline.php(183): Illuminate/Foundation/Http/Middleware/ConvertEmptyStringsToNull->handle()
#35 D:/new -1 tax/taxlegal/backend/vendor/laravel/framework/src/Illuminate/Foundation/Http/Middleware/TransformsRequest.php(21): Illuminate/Pipeline/Pipeline->{closure:{closure:Illuminate/Pipeline/Pipeline::carry():158}:159}()
#36 D:/new -1 tax/taxlegal/backend/vendor/laravel/framework/src/Illuminate/Foundation/Http/Middleware/TrimStrings.php(40): Illuminate/Foundation/Http/Middleware/TransformsRequest->handle()
#37 D:/new -1 tax/taxlegal/backend/vendor/laravel/framework/src/Illuminate/Pipeline/Pipeline.php(183): Illuminate/Foundation/Http/Middleware/TrimStrings->handle()
#38 D:/new -1 tax/taxlegal/backend/vendor/laravel/framework/src/Illuminate/Foundation/Http/Middleware/ValidatePostSize.php(27): Illuminate/Pipeline/Pipeline->{closure:{closure:Illuminate/Pipeline/Pipeline::carry():158}:159}()
#39 D:/new -1 tax/taxlegal/backend/vendor/laravel/framework/src/Illuminate/Pipeline/Pipeline.php(183): Illuminate/Foundation/Http/Middleware/ValidatePostSize->handle()
#40 D:/new -1 tax/taxlegal/backend/vendor/laravel/framework/src/Illuminate/Foundation/Http/Middleware/PreventRequestsDuringMaintenance.php(99): Illuminate/Pipeline/Pipeline->{closure:{closure:Illuminate/Pipeline/Pipeline::carry():158}:159}()
#41 D:/new -1 tax/taxlegal/backend/vendor/laravel/framework/src/Illuminate/Pipeline/Pipeline.php(183): Illuminate/Foundation/Http/Middleware/PreventRequestsDuringMaintenance->handle()
#42 D:/new -1 tax/taxlegal/backend/vendor/laravel/framework/src/Illuminate/Http/Middleware/HandleCors.php(62): Illuminate/Pipeline/Pipeline->{closure:{closure:Illuminate/Pipeline/Pipeline::carry():158}:159}()
#43 D:/new -1 tax/taxlegal/backend/vendor/laravel/framework/src/Illuminate/Pipeline/Pipeline.php(183): Illuminate/Http/Middleware/HandleCors->handle()
#44 D:/new -1 tax/taxlegal/backend/vendor/laravel/framework/src/Illuminate/Http/Middleware/TrustProxies.php(39): Illuminate/Pipeline/Pipeline->{closure:{closure:Illuminate/Pipeline/Pipeline::carry():158}:159}()
#45 D:/new -1 tax/taxlegal/backend/vendor/laravel/framework/src/Illuminate/Pipeline/Pipeline.php(183): Illuminate/Http/Middleware/TrustProxies->handle()
#46 D:/new -1 tax/taxlegal/backend/vendor/laravel/framework/src/Illuminate/Pipeline/Pipeline.php(119): Illuminate/Pipeline/Pipeline->{closure:{closure:Illuminate/Pipeline/Pipeline::carry():158}:159}()
#47 D:/new -1 tax/taxlegal/backend/vendor/laravel/framework/src/Illuminate/Foundation/Http/Kernel.php(175): Illuminate/Pipeline/Pipeline->then()
#48 D:/new -1 tax/taxlegal/backend/vendor/laravel/framework/src/Illuminate/Foundation/Http/Kernel.php(144): Illuminate/Foundation/Http/Kernel->sendRequestThroughRouter()
#49 D:/new -1 tax/taxlegal/backend/public/index.php(50): Illuminate/Foundation/Http/Kernel->handle()
#50 D:/new -1 tax/taxlegal/backend/vendor/laravel/framework/src/Illuminate/Foundation/resources/server.php(16): require_once('...')
#51 {main}
"} 
[2026-04-18 06:49:28] laravel.EMERGENCY: Unable to create configured logger. Using emergency logger. {"exception":"[object] (InvalidArgumentException(code: 0): Log [] is not defined. at D:/new -1 tax/taxlegal/backend/vendor/laravel/framework/src/Illuminate/Log/LogManager.php:212)
[stacktrace]
#0 D:/new -1 tax/taxlegal/backend/vendor/laravel/framework/src/Illuminate/Log/LogManager.php(137): Illuminate/Log/LogManager->resolve()
#1 D:/new -1 tax/taxlegal/backend/vendor/laravel/framework/src/Illuminate/Log/LogManager.php(124): Illuminate/Log/LogManager->get()
#2 D:/new -1 tax/taxlegal/backend/vendor/laravel/framework/src/Illuminate/Log/LogManager.php(681): Illuminate/Log/LogManager->driver()
#3 D:/new -1 tax/taxlegal/backend/vendor/laravel/framework/src/Illuminate/Foundation/Exceptions/Handler.php(317): Illuminate/Log/LogManager->error()
#4 D:/new -1 tax/taxlegal/backend/vendor/laravel/framework/src/Illuminate/Foundation/Exceptions/Handler.php(278): Illuminate/Foundation/Exceptions/Handler->reportThrowable()
#5 D:/new -1 tax/taxlegal/backend/vendor/laravel/framework/src/Illuminate/Routing/Pipeline.php(49): Illuminate/Foundation/Exceptions/Handler->report()
#6 D:/new -1 tax/taxlegal/backend/vendor/laravel/framework/src/Illuminate/Pipeline/Pipeline.php(146): Illuminate/Routing/Pipeline->handleException()
#7 D:/new -1 tax/taxlegal/backend/vendor/laravel/framework/src/Illuminate/Routing/Middleware/SubstituteBindings.php(50): Illuminate/Pipeline/Pipeline->{closure:Illuminate/Pipeline/Pipeline::prepareDestination():142}()
#8 D:/new -1 tax/taxlegal/backend/vendor/laravel/framework/src/Illuminate/Pipeline/Pipeline.php(183): Illuminate/Routing/Middleware/SubstituteBindings->handle()
#9 D:/new -1 tax/taxlegal/backend/vendor/laravel/framework/src/Illuminate/Routing/Middleware/ThrottleRequests.php(159): Illuminate/Pipeline/Pipeline->{closure:{closure:Illuminate/Pipeline/Pipeline::carry():158}:159}()
#10 D:/new -1 tax/taxlegal/backend/vendor/laravel/framework/src/Illuminate/Routing/Middleware/ThrottleRequests.php(125): Illuminate/Routing/Middleware/ThrottleRequests->handleRequest()
#11 D:/new -1 tax/taxlegal/backend/vendor/laravel/framework/src/Illuminate/Routing/Middleware/ThrottleRequests.php(87): Illuminate/Routing/Middleware/ThrottleRequests->handleRequestUsingNamedLimiter()
#12 D:/new -1 tax/taxlegal/backend/vendor/laravel/framework/src/Illuminate/Pipeline/Pipeline.php(183): Illuminate/Routing/Middleware/ThrottleRequests->handle()
#13 D:/new -1 tax/taxlegal/backend/vendor/laravel/framework/src/Illuminate/Auth/Middleware/Authenticate.php(57): Illuminate/Pipeline/Pipeline->{closure:{closure:Illuminate/Pipeline/Pipeline::carry():158}:159}()
#14 D:/new -1 tax/taxlegal/backend/vendor/laravel/framework/src/Illuminate/Pipeline/Pipeline.php(183): Illuminate/Auth/Middleware/Authenticate->handle()
#15 D:/new -1 tax/taxlegal/backend/vendor/laravel/framework/src/Illuminate/Pipeline/Pipeline.php(119): Illuminate/Pipeline/Pipeline->{closure:{closure:Illuminate/Pipeline/Pipeline::carry():158}:159}()
#16 D:/new -1 tax/taxlegal/backend/vendor/laravel/framework/src/Illuminate/Routing/Router.php(805): Illuminate/Pipeline/Pipeline->then()
#17 D:/new -1 tax/taxlegal/backend/vendor/laravel/framework/src/Illuminate/Routing/Router.php(784): Illuminate/Routing/Router->runRouteWithinStack()
#18 D:/new -1 tax/taxlegal/backend/vendor/laravel/framework/src/Illuminate/Routing/Router.php(748): Illuminate/Routing/Router->runRoute()
#19 D:/new -1 tax/taxlegal/backend/vendor/laravel/framework/src/Illuminate/Routing/Router.php(737): Illuminate/Routing/Router->dispatchToRoute()
#20 D:/new -1 tax/taxlegal/backend/vendor/laravel/framework/src/Illuminate/Foundation/Http/Kernel.php(200): Illuminate/Routing/Router->dispatch()
#21 D:/new -1 tax/taxlegal/backend/vendor/laravel/framework/src/Illuminate/Pipeline/Pipeline.php(144): Illuminate/Foundation/Http/Kernel->{closure:Illuminate/Foundation/Http/Kernel::dispatchToRouter():197}()
#22 D:/new -1 tax/taxlegal/backend/vendor/laravel/framework/src/Illuminate/Foundation/Http/Middleware/TransformsRequest.php(21): Illuminate/Pipeline/Pipeline->{closure:Illuminate/Pipeline/Pipeline::prepareDestination():142}()
#23 D:/new -1 tax/taxlegal/backend/vendor/laravel/framework/src/Illuminate/Foundation/Http/Middleware/ConvertEmptyStringsToNull.php(31): Illuminate/Foundation/Http/Middleware/TransformsRequest->handle()
#24 D:/new -1 tax/taxlegal/backend/vendor/laravel/framework/src/Illuminate/Pipeline/Pipeline.php(183): Illuminate/Foundation/Http/Middleware/ConvertEmptyStringsToNull->handle()
#25 D:/new -1 tax/taxlegal/backend/vendor/laravel/framework/src/Illuminate/Foundation/Http/Middleware/TransformsRequest.php(21): Illuminate/Pipeline/Pipeline->{closure:{closure:Illuminate/Pipeline/Pipeline::carry():158}:159}()
#26 D:/new -1 tax/taxlegal/backend/vendor/laravel/framework/src/Illuminate/Foundation/Http/Middleware/TrimStrings.php(40): Illuminate/Foundation/Http/Middleware/TransformsRequest->handle()
#27 D:/new -1 tax/taxlegal/backend/vendor/laravel/framework/src/Illuminate/Pipeline/Pipeline.php(183): Illuminate/Foundation/Http/Middleware/TrimStrings->handle()
#28 D:/new -1 tax/taxlegal/backend/vendor/laravel/framework/src/Illuminate/Foundation/Http/Middleware/ValidatePostSize.php(27): Illuminate/Pipeline/Pipeline->{closure:{closure:Illuminate/Pipeline/Pipeline::carry():158}:159}()
#29 D:/new -1 tax/taxlegal/backend/vendor/laravel/framework/src/Illuminate/Pipeline/Pipeline.php(183): Illuminate/Foundation/Http/Middleware/ValidatePostSize->handle()
#30 D:/new -1 tax/taxlegal/backend/vendor/laravel/framework/src/Illuminate/Foundation/Http/Middleware/PreventRequestsDuringMaintenance.php(99): Illuminate/Pipeline/Pipeline->{closure:{closure:Illuminate/Pipeline/Pipeline::carry():158}:159}()
#31 D:/new -1 tax/taxlegal/backend/vendor/laravel/framework/src/Illuminate/Pipeline/Pipeline.php(183): Illuminate/Foundation/Http/Middleware/PreventRequestsDuringMaintenance->handle()
#32 D:/new -1 tax/taxlegal/backend/vendor/laravel/framework/src/Illuminate/Http/Middleware/HandleCors.php(62): Illuminate/Pipeline/Pipeline->{closure:{closure:Illuminate/Pipeline/Pipeline::carry():158}:159}()
#33 D:/new -1 tax/taxlegal/backend/vendor/laravel/framework/src/Illuminate/Pipeline/Pipeline.php(183): Illuminate/Http/Middleware/HandleCors->handle()
#34 D:/new -1 tax/taxlegal/backend/vendor/laravel/framework/src/Illuminate/Http/Middleware/TrustProxies.php(39): Illuminate/Pipeline/Pipeline->{closure:{closure:Illuminate/Pipeline/Pipeline::carry():158}:159}()
#35 D:/new -1 tax/taxlegal/backend/vendor/laravel/framework/src/Illuminate/Pipeline/Pipeline.php(183): Illuminate/Http/Middleware/TrustProxies->handle()
#36 D:/new -1 tax/taxlegal/backend/vendor/laravel/framework/src/Illuminate/Pipeline/Pipeline.php(119): Illuminate/Pipeline/Pipeline->{closure:{closure:Illuminate/Pipeline/Pipeline::carry():158}:159}()
#37 D:/new -1 tax/taxlegal/backend/vendor/laravel/framework/src/Illuminate/Foundation/Http/Kernel.php(175): Illuminate/Pipeline/Pipeline->then()
#38 D:/new -1 tax/taxlegal/backend/vendor/laravel/framework/src/Illuminate/Foundation/Http/Kernel.php(144): Illuminate/Foundation/Http/Kernel->sendRequestThroughRouter()
#39 D:/new -1 tax/taxlegal/backend/public/index.php(50): Illuminate/Foundation/Http/Kernel->handle()
#40 D:/new -1 tax/taxlegal/backend/vendor/laravel/framework/src/Illuminate/Foundation/resources/server.php(16): require_once('...')
#41 {main}
"} 
[2026-04-18 06:49:28] laravel.ERROR: Unable to guess the MIME type as no guessers are available (have you enabled the php_fileinfo extension?). {"userId":3,"exception":"[object] (Symfony\\Component\\Mime\\Exception\\LogicException(code: 0): Unable to guess the MIME type as no guessers are available (have you enabled the php_fileinfo extension?). at D:/new -1 tax/taxlegal/backend/vendor/symfony/mime/MimeTypes.php:129)
[stacktrace]
#0 D:/new -1 tax/taxlegal/backend/vendor/symfony/http-foundation/File/File.php(77): Symfony/Component/Mime/MimeTypes->guessMimeType()
#1 D:/new -1 tax/taxlegal/backend/vendor/symfony/http-foundation/File/File.php(59): Symfony/Component/HttpFoundation/File/File->getMimeType()
#2 D:/new -1 tax/taxlegal/backend/vendor/laravel/framework/src/Illuminate/Validation/Concerns/ValidatesAttributes.php(1508): Symfony/Component/HttpFoundation/File/File->guessExtension()
#3 D:/new -1 tax/taxlegal/backend/vendor/laravel/framework/src/Illuminate/Validation/Concerns/ValidatesAttributes.php(1315): Illuminate/Validation/Validator->validateMimes()
#4 D:/new -1 tax/taxlegal/backend/vendor/laravel/framework/src/Illuminate/Validation/Validator.php(660): Illuminate/Validation/Validator->validateImage()
#5 D:/new -1 tax/taxlegal/backend/vendor/laravel/framework/src/Illuminate/Validation/Validator.php(459): Illuminate/Validation/Validator->validateAttribute()
#6 D:/new -1 tax/taxlegal/backend/vendor/laravel/framework/src/Illuminate/Validation/Validator.php(494): Illuminate/Validation/Validator->passes()
#7 D:/new -1 tax/taxlegal/backend/vendor/laravel/framework/src/Illuminate/Validation/Validator.php(536): Illuminate/Validation/Validator->fails()
#8 D:/new -1 tax/taxlegal/backend/vendor/laravel/framework/src/Illuminate/Foundation/Providers/FoundationServiceProvider.php(124): Illuminate/Validation/Validator->validate()
#9 D:/new -1 tax/taxlegal/backend/vendor/laravel/framework/src/Illuminate/Macroable/Traits/Macroable.php(123): Illuminate/Http/Request->{closure:Illuminate/Foundation/Providers/FoundationServiceProvider::registerRequestValidation():116}()
#10 D:/new -1 tax/taxlegal/backend/app/Http/Controllers/Api/PostController.php(72): Illuminate/Http/Request->__call()
#11 D:/new -1 tax/taxlegal/backend/vendor/laravel/framework/src/Illuminate/Routing/Controller.php(54): App/Http/Controllers/Api/PostController->store()
#12 D:/new -1 tax/taxlegal/backend/vendor/laravel/framework/src/Illuminate/Routing/ControllerDispatcher.php(43): Illuminate/Routing/Controller->callAction()
#13 D:/new -1 tax/taxlegal/backend/vendor/laravel/framework/src/Illuminate/Routing/Route.php(259): Illuminate/Routing/ControllerDispatcher->dispatch()
#14 D:/new -1 tax/taxlegal/backend/vendor/laravel/framework/src/Illuminate/Routing/Route.php(205): Illuminate/Routing/Route->runController()
#15 D:/new -1 tax/taxlegal/backend/vendor/laravel/framework/src/Illuminate/Routing/Router.php(806): Illuminate/Routing/Route->run()
#16 D:/new -1 tax/taxlegal/backend/vendor/laravel/framework/src/Illuminate/Pipeline/Pipeline.php(144): Illuminate/Routing/Router->{closure:Illuminate/Routing/Router::runRouteWithinStack():805}()
#17 D:/new -1 tax/taxlegal/backend/vendor/laravel/framework/src/Illuminate/Routing/Middleware/SubstituteBindings.php(50): Illuminate/Pipeline/Pipeline->{closure:Illuminate/Pipeline/Pipeline::prepareDestination():142}()
#18 D:/new -1 tax/taxlegal/backend/vendor/laravel/framework/src/Illuminate/Pipeline/Pipeline.php(183): Illuminate/Routing/Middleware/SubstituteBindings->handle()
#19 D:/new -1 tax/taxlegal/backend/vendor/laravel/framework/src/Illuminate/Routing/Middleware/ThrottleRequests.php(159): Illuminate/Pipeline/Pipeline->{closure:{closure:Illuminate/Pipeline/Pipeline::carry():158}:159}()
#20 D:/new -1 tax/taxlegal/backend/vendor/laravel/framework/src/Illuminate/Routing/Middleware/ThrottleRequests.php(125): Illuminate/Routing/Middleware/ThrottleRequests->handleRequest()
#21 D:/new -1 tax/taxlegal/backend/vendor/laravel/framework/src/Illuminate/Routing/Middleware/ThrottleRequests.php(87): Illuminate/Routing/Middleware/ThrottleRequests->handleRequestUsingNamedLimiter()
#22 D:/new -1 tax/taxlegal/backend/vendor/laravel/framework/src/Illuminate/Pipeline/Pipeline.php(183): Illuminate/Routing/Middleware/ThrottleRequests->handle()
#23 D:/new -1 tax/taxlegal/backend/vendor/laravel/framework/src/Illuminate/Auth/Middleware/Authenticate.php(57): Illuminate/Pipeline/Pipeline->{closure:{closure:Illuminate/Pipeline/Pipeline::carry():158}:159}()
#24 D:/new -1 tax/taxlegal/backend/vendor/laravel/framework/src/Illuminate/Pipeline/Pipeline.php(183): Illuminate/Auth/Middleware/Authenticate->handle()
#25 D:/new -1 tax/taxlegal/backend/vendor/laravel/framework/src/Illuminate/Pipeline/Pipeline.php(119): Illuminate/Pipeline/Pipeline->{closure:{closure:Illuminate/Pipeline/Pipeline::carry():158}:159}()
#26 D:/new -1 tax/taxlegal/backend/vendor/laravel/framework/src/Illuminate/Routing/Router.php(805): Illuminate/Pipeline/Pipeline->then()
#27 D:/new -1 tax/taxlegal/backend/vendor/laravel/framework/src/Illuminate/Routing/Router.php(784): Illuminate/Routing/Router->runRouteWithinStack()
#28 D:/new -1 tax/taxlegal/backend/vendor/laravel/framework/src/Illuminate/Routing/Router.php(748): Illuminate/Routing/Router->runRoute()
#29 D:/new -1 tax/taxlegal/backend/vendor/laravel/framework/src/Illuminate/Routing/Router.php(737): Illuminate/Routing/Router->dispatchToRoute()
#30 D:/new -1 tax/taxlegal/backend/vendor/laravel/framework/src/Illuminate/Foundation/Http/Kernel.php(200): Illuminate/Routing/Router->dispatch()
#31 D:/new -1 tax/taxlegal/backend/vendor/laravel/framework/src/Illuminate/Pipeline/Pipeline.php(144): Illuminate/Foundation/Http/Kernel->{closure:Illuminate/Foundation/Http/Kernel::dispatchToRouter():197}()
#32 D:/new -1 tax/taxlegal/backend/vendor/laravel/framework/src/Illuminate/Foundation/Http/Middleware/TransformsRequest.php(21): Illuminate/Pipeline/Pipeline->{closure:Illuminate/Pipeline/Pipeline::prepareDestination():142}()
#33 D:/new -1 tax/taxlegal/backend/vendor/laravel/framework/src/Illuminate/Foundation/Http/Middleware/ConvertEmptyStringsToNull.php(31): Illuminate/Foundation/Http/Middleware/TransformsRequest->handle()
#34 D:/new -1 tax/taxlegal/backend/vendor/laravel/framework/src/Illuminate/Pipeline/Pipeline.php(183): Illuminate/Foundation/Http/Middleware/ConvertEmptyStringsToNull->handle()
#35 D:/new -1 tax/taxlegal/backend/vendor/laravel/framework/src/Illuminate/Foundation/Http/Middleware/TransformsRequest.php(21): Illuminate/Pipeline/Pipeline->{closure:{closure:Illuminate/Pipeline/Pipeline::carry():158}:159}()
#36 D:/new -1 tax/taxlegal/backend/vendor/laravel/framework/src/Illuminate/Foundation/Http/Middleware/TrimStrings.php(40): Illuminate/Foundation/Http/Middleware/TransformsRequest->handle()
#37 D:/new -1 tax/taxlegal/backend/vendor/laravel/framework/src/Illuminate/Pipeline/Pipeline.php(183): Illuminate/Foundation/Http/Middleware/TrimStrings->handle()
#38 D:/new -1 tax/taxlegal/backend/vendor/laravel/framework/src/Illuminate/Foundation/Http/Middleware/ValidatePostSize.php(27): Illuminate/Pipeline/Pipeline->{closure:{closure:Illuminate/Pipeline/Pipeline::carry():158}:159}()
#39 D:/new -1 tax/taxlegal/backend/vendor/laravel/framework/src/Illuminate/Pipeline/Pipeline.php(183): Illuminate/Foundation/Http/Middleware/ValidatePostSize->handle()
#40 D:/new -1 tax/taxlegal/backend/vendor/laravel/framework/src/Illuminate/Foundation/Http/Middleware/PreventRequestsDuringMaintenance.php(99): Illuminate/Pipeline/Pipeline->{closure:{closure:Illuminate/Pipeline/Pipeline::carry():158}:159}()
#41 D:/new -1 tax/taxlegal/backend/vendor/laravel/framework/src/Illuminate/Pipeline/Pipeline.php(183): Illuminate/Foundation/Http/Middleware/PreventRequestsDuringMaintenance->handle()
#42 D:/new -1 tax/taxlegal/backend/vendor/laravel/framework/src/Illuminate/Http/Middleware/HandleCors.php(62): Illuminate/Pipeline/Pipeline->{closure:{closure:Illuminate/Pipeline/Pipeline::carry():158}:159}()
#43 D:/new -1 tax/taxlegal/backend/vendor/laravel/framework/src/Illuminate/Pipeline/Pipeline.php(183): Illuminate/Http/Middleware/HandleCors->handle()
#44 D:/new -1 tax/taxlegal/backend/vendor/laravel/framework/src/Illuminate/Http/Middleware/TrustProxies.php(39): Illuminate/Pipeline/Pipeline->{closure:{closure:Illuminate/Pipeline/Pipeline::carry():158}:159}()
#45 D:/new -1 tax/taxlegal/backend/vendor/laravel/framework/src/Illuminate/Pipeline/Pipeline.php(183): Illuminate/Http/Middleware/TrustProxies->handle()
#46 D:/new -1 tax/taxlegal/backend/vendor/laravel/framework/src/Illuminate/Pipeline/Pipeline.php(119): Illuminate/Pipeline/Pipeline->{closure:{closure:Illuminate/Pipeline/Pipeline::carry():158}:159}()
#47 D:/new -1 tax/taxlegal/backend/vendor/laravel/framework/src/Illuminate/Foundation/Http/Kernel.php(175): Illuminate/Pipeline/Pipeline->then()
#48 D:/new -1 tax/taxlegal/backend/vendor/laravel/framework/src/Illuminate/Foundation/Http/Kernel.php(144): Illuminate/Foundation/Http/Kernel->sendRequestThroughRouter()
#49 D:/new -1 tax/taxlegal/backend/public/index.php(50): Illuminate/Foundation/Http/Kernel->handle()
#50 D:/new -1 tax/taxlegal/backend/vendor/laravel/framework/src/Illuminate/Foundation/resources/server.php(16): require_once('...')
#51 {main}
"} 
[2026-04-18 06:52:49] laravel.EMERGENCY: Unable to create configured logger. Using emergency logger. {"exception":"[object] (InvalidArgumentException(code: 0): Log [] is not defined. at D:/new -1 tax/taxlegal/backend/vendor/laravel/framework/src/Illuminate/Log/LogManager.php:212)
[stacktrace]
#0 D:/new -1 tax/taxlegal/backend/vendor/laravel/framework/src/Illuminate/Log/LogManager.php(137): Illuminate/Log/LogManager->resolve()
#1 D:/new -1 tax/taxlegal/backend/vendor/laravel/framework/src/Illuminate/Log/LogManager.php(124): Illuminate/Log/LogManager->get()
#2 D:/new -1 tax/taxlegal/backend/vendor/laravel/framework/src/Illuminate/Log/LogManager.php(681): Illuminate/Log/LogManager->driver()
#3 D:/new -1 tax/taxlegal/backend/vendor/laravel/framework/src/Illuminate/Foundation/Exceptions/Handler.php(317): Illuminate/Log/LogManager->error()
#4 D:/new -1 tax/taxlegal/backend/vendor/laravel/framework/src/Illuminate/Foundation/Exceptions/Handler.php(278): Illuminate/Foundation/Exceptions/Handler->reportThrowable()
#5 D:/new -1 tax/taxlegal/backend/vendor/laravel/framework/src/Illuminate/Routing/Pipeline.php(49): Illuminate/Foundation/Exceptions/Handler->report()
#6 D:/new -1 tax/taxlegal/backend/vendor/laravel/framework/src/Illuminate/Pipeline/Pipeline.php(146): Illuminate/Routing/Pipeline->handleException()
#7 D:/new -1 tax/taxlegal/backend/vendor/laravel/framework/src/Illuminate/Routing/Middleware/SubstituteBindings.php(50): Illuminate/Pipeline/Pipeline->{closure:Illuminate/Pipeline/Pipeline::prepareDestination():142}()
#8 D:/new -1 tax/taxlegal/backend/vendor/laravel/framework/src/Illuminate/Pipeline/Pipeline.php(183): Illuminate/Routing/Middleware/SubstituteBindings->handle()
#9 D:/new -1 tax/taxlegal/backend/vendor/laravel/framework/src/Illuminate/Routing/Middleware/ThrottleRequests.php(159): Illuminate/Pipeline/Pipeline->{closure:{closure:Illuminate/Pipeline/Pipeline::carry():158}:159}()
#10 D:/new -1 tax/taxlegal/backend/vendor/laravel/framework/src/Illuminate/Routing/Middleware/ThrottleRequests.php(125): Illuminate/Routing/Middleware/ThrottleRequests->handleRequest()
#11 D:/new -1 tax/taxlegal/backend/vendor/laravel/framework/src/Illuminate/Routing/Middleware/ThrottleRequests.php(87): Illuminate/Routing/Middleware/ThrottleRequests->handleRequestUsingNamedLimiter()
#12 D:/new -1 tax/taxlegal/backend/vendor/laravel/framework/src/Illuminate/Pipeline/Pipeline.php(183): Illuminate/Routing/Middleware/ThrottleRequests->handle()
#13 D:/new -1 tax/taxlegal/backend/vendor/laravel/framework/src/Illuminate/Auth/Middleware/Authenticate.php(57): Illuminate/Pipeline/Pipeline->{closure:{closure:Illuminate/Pipeline/Pipeline::carry():158}:159}()
#14 D:/new -1 tax/taxlegal/backend/vendor/laravel/framework/src/Illuminate/Pipeline/Pipeline.php(183): Illuminate/Auth/Middleware/Authenticate->handle()
#15 D:/new -1 tax/taxlegal/backend/vendor/laravel/framework/src/Illuminate/Pipeline/Pipeline.php(119): Illuminate/Pipeline/Pipeline->{closure:{closure:Illuminate/Pipeline/Pipeline::carry():158}:159}()
#16 D:/new -1 tax/taxlegal/backend/vendor/laravel/framework/src/Illuminate/Routing/Router.php(805): Illuminate/Pipeline/Pipeline->then()
#17 D:/new -1 tax/taxlegal/backend/vendor/laravel/framework/src/Illuminate/Routing/Router.php(784): Illuminate/Routing/Router->runRouteWithinStack()
#18 D:/new -1 tax/taxlegal/backend/vendor/laravel/framework/src/Illuminate/Routing/Router.php(748): Illuminate/Routing/Router->runRoute()
#19 D:/new -1 tax/taxlegal/backend/vendor/laravel/framework/src/Illuminate/Routing/Router.php(737): Illuminate/Routing/Router->dispatchToRoute()
#20 D:/new -1 tax/taxlegal/backend/vendor/laravel/framework/src/Illuminate/Foundation/Http/Kernel.php(200): Illuminate/Routing/Router->dispatch()
#21 D:/new -1 tax/taxlegal/backend/vendor/laravel/framework/src/Illuminate/Pipeline/Pipeline.php(144): Illuminate/Foundation/Http/Kernel->{closure:Illuminate/Foundation/Http/Kernel::dispatchToRouter():197}()
#22 D:/new -1 tax/taxlegal/backend/vendor/laravel/framework/src/Illuminate/Foundation/Http/Middleware/TransformsRequest.php(21): Illuminate/Pipeline/Pipeline->{closure:Illuminate/Pipeline/Pipeline::prepareDestination():142}()
#23 D:/new -1 tax/taxlegal/backend/vendor/laravel/framework/src/Illuminate/Foundation/Http/Middleware/ConvertEmptyStringsToNull.php(31): Illuminate/Foundation/Http/Middleware/TransformsRequest->handle()
#24 D:/new -1 tax/taxlegal/backend/vendor/laravel/framework/src/Illuminate/Pipeline/Pipeline.php(183): Illuminate/Foundation/Http/Middleware/ConvertEmptyStringsToNull->handle()
#25 D:/new -1 tax/taxlegal/backend/vendor/laravel/framework/src/Illuminate/Foundation/Http/Middleware/TransformsRequest.php(21): Illuminate/Pipeline/Pipeline->{closure:{closure:Illuminate/Pipeline/Pipeline::carry():158}:159}()
#26 D:/new -1 tax/taxlegal/backend/vendor/laravel/framework/src/Illuminate/Foundation/Http/Middleware/TrimStrings.php(40): Illuminate/Foundation/Http/Middleware/TransformsRequest->handle()
#27 D:/new -1 tax/taxlegal/backend/vendor/laravel/framework/src/Illuminate/Pipeline/Pipeline.php(183): Illuminate/Foundation/Http/Middleware/TrimStrings->handle()
#28 D:/new -1 tax/taxlegal/backend/vendor/laravel/framework/src/Illuminate/Foundation/Http/Middleware/ValidatePostSize.php(27): Illuminate/Pipeline/Pipeline->{closure:{closure:Illuminate/Pipeline/Pipeline::carry():158}:159}()
#29 D:/new -1 tax/taxlegal/backend/vendor/laravel/framework/src/Illuminate/Pipeline/Pipeline.php(183): Illuminate/Foundation/Http/Middleware/ValidatePostSize->handle()
#30 D:/new -1 tax/taxlegal/backend/vendor/laravel/framework/src/Illuminate/Foundation/Http/Middleware/PreventRequestsDuringMaintenance.php(99): Illuminate/Pipeline/Pipeline->{closure:{closure:Illuminate/Pipeline/Pipeline::carry():158}:159}()
#31 D:/new -1 tax/taxlegal/backend/vendor/laravel/framework/src/Illuminate/Pipeline/Pipeline.php(183): Illuminate/Foundation/Http/Middleware/PreventRequestsDuringMaintenance->handle()
#32 D:/new -1 tax/taxlegal/backend/vendor/laravel/framework/src/Illuminate/Http/Middleware/HandleCors.php(62): Illuminate/Pipeline/Pipeline->{closure:{closure:Illuminate/Pipeline/Pipeline::carry():158}:159}()
#33 D:/new -1 tax/taxlegal/backend/vendor/laravel/framework/src/Illuminate/Pipeline/Pipeline.php(183): Illuminate/Http/Middleware/HandleCors->handle()
#34 D:/new -1 tax/taxlegal/backend/vendor/laravel/framework/src/Illuminate/Http/Middleware/TrustProxies.php(39): Illuminate/Pipeline/Pipeline->{closure:{closure:Illuminate/Pipeline/Pipeline::carry():158}:159}()
#35 D:/new -1 tax/taxlegal/backend/vendor/laravel/framework/src/Illuminate/Pipeline/Pipeline.php(183): Illuminate/Http/Middleware/TrustProxies->handle()
#36 D:/new -1 tax/taxlegal/backend/vendor/laravel/framework/src/Illuminate/Pipeline/Pipeline.php(119): Illuminate/Pipeline/Pipeline->{closure:{closure:Illuminate/Pipeline/Pipeline::carry():158}:159}()
#37 D:/new -1 tax/taxlegal/backend/vendor/laravel/framework/src/Illuminate/Foundation/Http/Kernel.php(175): Illuminate/Pipeline/Pipeline->then()
#38 D:/new -1 tax/taxlegal/backend/vendor/laravel/framework/src/Illuminate/Foundation/Http/Kernel.php(144): Illuminate/Foundation/Http/Kernel->sendRequestThroughRouter()
#39 D:/new -1 tax/taxlegal/backend/public/index.php(50): Illuminate/Foundation/Http/Kernel->handle()
#40 D:/new -1 tax/taxlegal/backend/vendor/laravel/framework/src/Illuminate/Foundation/resources/server.php(16): require_once('...')
#41 {main}
"} 
[2026-04-18 06:52:49] laravel.ERROR: Disk [public] does not have a configured driver. {"userId":3,"exception":"[object] (InvalidArgumentException(code: 0): Disk [public] does not have a configured driver. at D:/new -1 tax/taxlegal/backend/vendor/laravel/framework/src/Illuminate/Filesystem/FilesystemManager.php:137)
[stacktrace]
#0 D:/new -1 tax/taxlegal/backend/vendor/laravel/framework/src/Illuminate/Filesystem/FilesystemManager.php(120): Illuminate/Filesystem/FilesystemManager->resolve()
#1 D:/new -1 tax/taxlegal/backend/vendor/laravel/framework/src/Illuminate/Filesystem/FilesystemManager.php(83): Illuminate/Filesystem/FilesystemManager->get()
#2 D:/new -1 tax/taxlegal/backend/vendor/laravel/framework/src/Illuminate/Http/UploadedFile.php(94): Illuminate/Filesystem/FilesystemManager->disk()
#3 D:/new -1 tax/taxlegal/backend/vendor/laravel/framework/src/Illuminate/Http/UploadedFile.php(36): Illuminate/Http/UploadedFile->storeAs()
#4 D:/new -1 tax/taxlegal/backend/app/Http/Controllers/Api/PostController.php(88): Illuminate/Http/UploadedFile->store()
#5 D:/new -1 tax/taxlegal/backend/vendor/laravel/framework/src/Illuminate/Routing/Controller.php(54): App/Http/Controllers/Api/PostController->store()
#6 D:/new -1 tax/taxlegal/backend/vendor/laravel/framework/src/Illuminate/Routing/ControllerDispatcher.php(43): Illuminate/Routing/Controller->callAction()
#7 D:/new -1 tax/taxlegal/backend/vendor/laravel/framework/src/Illuminate/Routing/Route.php(259): Illuminate/Routing/ControllerDispatcher->dispatch()
#8 D:/new -1 tax/taxlegal/backend/vendor/laravel/framework/src/Illuminate/Routing/Route.php(205): Illuminate/Routing/Route->runController()
#9 D:/new -1 tax/taxlegal/backend/vendor/laravel/framework/src/Illuminate/Routing/Router.php(806): Illuminate/Routing/Route->run()
#10 D:/new -1 tax/taxlegal/backend/vendor/laravel/framework/src/Illuminate/Pipeline/Pipeline.php(144): Illuminate/Routing/Router->{closure:Illuminate/Routing/Router::runRouteWithinStack():805}()
#11 D:/new -1 tax/taxlegal/backend/vendor/laravel/framework/src/Illuminate/Routing/Middleware/SubstituteBindings.php(50): Illuminate/Pipeline/Pipeline->{closure:Illuminate/Pipeline/Pipeline::prepareDestination():142}()
#12 D:/new -1 tax/taxlegal/backend/vendor/laravel/framework/src/Illuminate/Pipeline/Pipeline.php(183): Illuminate/Routing/Middleware/SubstituteBindings->handle()
#13 D:/new -1 tax/taxlegal/backend/vendor/laravel/framework/src/Illuminate/Routing/Middleware/ThrottleRequests.php(159): Illuminate/Pipeline/Pipeline->{closure:{closure:Illuminate/Pipeline/Pipeline::carry():158}:159}()
#14 D:/new -1 tax/taxlegal/backend/vendor/laravel/framework/src/Illuminate/Routing/Middleware/ThrottleRequests.php(125): Illuminate/Routing/Middleware/ThrottleRequests->handleRequest()
#15 D:/new -1 tax/taxlegal/backend/vendor/laravel/framework/src/Illuminate/Routing/Middleware/ThrottleRequests.php(87): Illuminate/Routing/Middleware/ThrottleRequests->handleRequestUsingNamedLimiter()
#16 D:/new -1 tax/taxlegal/backend/vendor/laravel/framework/src/Illuminate/Pipeline/Pipeline.php(183): Illuminate/Routing/Middleware/ThrottleRequests->handle()
#17 D:/new -1 tax/taxlegal/backend/vendor/laravel/framework/src/Illuminate/Auth/Middleware/Authenticate.php(57): Illuminate/Pipeline/Pipeline->{closure:{closure:Illuminate/Pipeline/Pipeline::carry():158}:159}()
#18 D:/new -1 tax/taxlegal/backend/vendor/laravel/framework/src/Illuminate/Pipeline/Pipeline.php(183): Illuminate/Auth/Middleware/Authenticate->handle()
#19 D:/new -1 tax/taxlegal/backend/vendor/laravel/framework/src/Illuminate/Pipeline/Pipeline.php(119): Illuminate/Pipeline/Pipeline->{closure:{closure:Illuminate/Pipeline/Pipeline::carry():158}:159}()
#20 D:/new -1 tax/taxlegal/backend/vendor/laravel/framework/src/Illuminate/Routing/Router.php(805): Illuminate/Pipeline/Pipeline->then()
#21 D:/new -1 tax/taxlegal/backend/vendor/laravel/framework/src/Illuminate/Routing/Router.php(784): Illuminate/Routing/Router->runRouteWithinStack()
#22 D:/new -1 tax/taxlegal/backend/vendor/laravel/framework/src/Illuminate/Routing/Router.php(748): Illuminate/Routing/Router->runRoute()
#23 D:/new -1 tax/taxlegal/backend/vendor/laravel/framework/src/Illuminate/Routing/Router.php(737): Illuminate/Routing/Router->dispatchToRoute()
#24 D:/new -1 tax/taxlegal/backend/vendor/laravel/framework/src/Illuminate/Foundation/Http/Kernel.php(200): Illuminate/Routing/Router->dispatch()
#25 D:/new -1 tax/taxlegal/backend/vendor/laravel/framework/src/Illuminate/Pipeline/Pipeline.php(144): Illuminate/Foundation/Http/Kernel->{closure:Illuminate/Foundation/Http/Kernel::dispatchToRouter():197}()
#26 D:/new -1 tax/taxlegal/backend/vendor/laravel/framework/src/Illuminate/Foundation/Http/Middleware/TransformsRequest.php(21): Illuminate/Pipeline/Pipeline->{closure:Illuminate/Pipeline/Pipeline::prepareDestination():142}()
#27 D:/new -1 tax/taxlegal/backend/vendor/laravel/framework/src/Illuminate/Foundation/Http/Middleware/ConvertEmptyStringsToNull.php(31): Illuminate/Foundation/Http/Middleware/TransformsRequest->handle()
#28 D:/new -1 tax/taxlegal/backend/vendor/laravel/framework/src/Illuminate/Pipeline/Pipeline.php(183): Illuminate/Foundation/Http/Middleware/ConvertEmptyStringsToNull->handle()
#29 D:/new -1 tax/taxlegal/backend/vendor/laravel/framework/src/Illuminate/Foundation/Http/Middleware/TransformsRequest.php(21): Illuminate/Pipeline/Pipeline->{closure:{closure:Illuminate/Pipeline/Pipeline::carry():158}:159}()
#30 D:/new -1 tax/taxlegal/backend/vendor/laravel/framework/src/Illuminate/Foundation/Http/Middleware/TrimStrings.php(40): Illuminate/Foundation/Http/Middleware/TransformsRequest->handle()
#31 D:/new -1 tax/taxlegal/backend/vendor/laravel/framework/src/Illuminate/Pipeline/Pipeline.php(183): Illuminate/Foundation/Http/Middleware/TrimStrings->handle()
#32 D:/new -1 tax/taxlegal/backend/vendor/laravel/framework/src/Illuminate/Foundation/Http/Middleware/ValidatePostSize.php(27): Illuminate/Pipeline/Pipeline->{closure:{closure:Illuminate/Pipeline/Pipeline::carry():158}:159}()
#33 D:/new -1 tax/taxlegal/backend/vendor/laravel/framework/src/Illuminate/Pipeline/Pipeline.php(183): Illuminate/Foundation/Http/Middleware/ValidatePostSize->handle()
#34 D:/new -1 tax/taxlegal/backend/vendor/laravel/framework/src/Illuminate/Foundation/Http/Middleware/PreventRequestsDuringMaintenance.php(99): Illuminate/Pipeline/Pipeline->{closure:{closure:Illuminate/Pipeline/Pipeline::carry():158}:159}()
#35 D:/new -1 tax/taxlegal/backend/vendor/laravel/framework/src/Illuminate/Pipeline/Pipeline.php(183): Illuminate/Foundation/Http/Middleware/PreventRequestsDuringMaintenance->handle()
#36 D:/new -1 tax/taxlegal/backend/vendor/laravel/framework/src/Illuminate/Http/Middleware/HandleCors.php(62): Illuminate/Pipeline/Pipeline->{closure:{closure:Illuminate/Pipeline/Pipeline::carry():158}:159}()
#37 D:/new -1 tax/taxlegal/backend/vendor/laravel/framework/src/Illuminate/Pipeline/Pipeline.php(183): Illuminate/Http/Middleware/HandleCors->handle()
#38 D:/new -1 tax/taxlegal/backend/vendor/laravel/framework/src/Illuminate/Http/Middleware/TrustProxies.php(39): Illuminate/Pipeline/Pipeline->{closure:{closure:Illuminate/Pipeline/Pipeline::carry():158}:159}()
#39 D:/new -1 tax/taxlegal/backend/vendor/laravel/framework/src/Illuminate/Pipeline/Pipeline.php(183): Illuminate/Http/Middleware/TrustProxies->handle()
#40 D:/new -1 tax/taxlegal/backend/vendor/laravel/framework/src/Illuminate/Pipeline/Pipeline.php(119): Illuminate/Pipeline/Pipeline->{closure:{closure:Illuminate/Pipeline/Pipeline::carry():158}:159}()
#41 D:/new -1 tax/taxlegal/backend/vendor/laravel/framework/src/Illuminate/Foundation/Http/Kernel.php(175): Illuminate/Pipeline/Pipeline->then()
#42 D:/new -1 tax/taxlegal/backend/vendor/laravel/framework/src/Illuminate/Foundation/Http/Kernel.php(144): Illuminate/Foundation/Http/Kernel->sendRequestThroughRouter()
#43 D:/new -1 tax/taxlegal/backend/public/index.php(50): Illuminate/Foundation/Http/Kernel->handle()
#44 D:/new -1 tax/taxlegal/backend/vendor/laravel/framework/src/Illuminate/Foundation/resources/server.php(16): require_once('...')
#45 {main}
"} 
[2026-04-18 10:11:44] laravel.EMERGENCY: Unable to create configured logger. Using emergency logger. {"exception":"[object] (InvalidArgumentException(code: 0): Log [] is not defined. at D:/new -1 tax/taxlegal/backend/vendor/laravel/framework/src/Illuminate/Log/LogManager.php:212)
[stacktrace]
#0 D:/new -1 tax/taxlegal/backend/vendor/laravel/framework/src/Illuminate/Log/LogManager.php(137): Illuminate/Log/LogManager->resolve()
#1 D:/new -1 tax/taxlegal/backend/vendor/laravel/framework/src/Illuminate/Log/LogManager.php(124): Illuminate/Log/LogManager->get()
#2 D:/new -1 tax/taxlegal/backend/vendor/laravel/framework/src/Illuminate/Log/LogManager.php(681): Illuminate/Log/LogManager->driver()
#3 D:/new -1 tax/taxlegal/backend/vendor/laravel/framework/src/Illuminate/Foundation/Exceptions/Handler.php(317): Illuminate/Log/LogManager->error()
#4 D:/new -1 tax/taxlegal/backend/vendor/laravel/framework/src/Illuminate/Foundation/Exceptions/Handler.php(278): Illuminate/Foundation/Exceptions/Handler->reportThrowable()
#5 D:/new -1 tax/taxlegal/backend/vendor/laravel/framework/src/Illuminate/Routing/Pipeline.php(49): Illuminate/Foundation/Exceptions/Handler->report()
#6 D:/new -1 tax/taxlegal/backend/vendor/laravel/framework/src/Illuminate/Pipeline/Pipeline.php(146): Illuminate/Routing/Pipeline->handleException()
#7 D:/new -1 tax/taxlegal/backend/vendor/laravel/framework/src/Illuminate/Routing/Middleware/SubstituteBindings.php(50): Illuminate/Pipeline/Pipeline->{closure:Illuminate/Pipeline/Pipeline::prepareDestination():142}()
#8 D:/new -1 tax/taxlegal/backend/vendor/laravel/framework/src/Illuminate/Pipeline/Pipeline.php(183): Illuminate/Routing/Middleware/SubstituteBindings->handle()
#9 D:/new -1 tax/taxlegal/backend/vendor/laravel/framework/src/Illuminate/Routing/Middleware/ThrottleRequests.php(159): Illuminate/Pipeline/Pipeline->{closure:{closure:Illuminate/Pipeline/Pipeline::carry():158}:159}()
#10 D:/new -1 tax/taxlegal/backend/vendor/laravel/framework/src/Illuminate/Routing/Middleware/ThrottleRequests.php(125): Illuminate/Routing/Middleware/ThrottleRequests->handleRequest()
#11 D:/new -1 tax/taxlegal/backend/vendor/laravel/framework/src/Illuminate/Routing/Middleware/ThrottleRequests.php(87): Illuminate/Routing/Middleware/ThrottleRequests->handleRequestUsingNamedLimiter()
#12 D:/new -1 tax/taxlegal/backend/vendor/laravel/framework/src/Illuminate/Pipeline/Pipeline.php(183): Illuminate/Routing/Middleware/ThrottleRequests->handle()
#13 D:/new -1 tax/taxlegal/backend/vendor/laravel/framework/src/Illuminate/Pipeline/Pipeline.php(119): Illuminate/Pipeline/Pipeline->{closure:{closure:Illuminate/Pipeline/Pipeline::carry():158}:159}()
#14 D:/new -1 tax/taxlegal/backend/vendor/laravel/framework/src/Illuminate/Routing/Router.php(805): Illuminate/Pipeline/Pipeline->then()
#15 D:/new -1 tax/taxlegal/backend/vendor/laravel/framework/src/Illuminate/Routing/Router.php(784): Illuminate/Routing/Router->runRouteWithinStack()
#16 D:/new -1 tax/taxlegal/backend/vendor/laravel/framework/src/Illuminate/Routing/Router.php(748): Illuminate/Routing/Router->runRoute()
#17 D:/new -1 tax/taxlegal/backend/vendor/laravel/framework/src/Illuminate/Routing/Router.php(737): Illuminate/Routing/Router->dispatchToRoute()
#18 D:/new -1 tax/taxlegal/backend/vendor/laravel/framework/src/Illuminate/Foundation/Http/Kernel.php(200): Illuminate/Routing/Router->dispatch()
#19 D:/new -1 tax/taxlegal/backend/vendor/laravel/framework/src/Illuminate/Pipeline/Pipeline.php(144): Illuminate/Foundation/Http/Kernel->{closure:Illuminate/Foundation/Http/Kernel::dispatchToRouter():197}()
#20 D:/new -1 tax/taxlegal/backend/vendor/laravel/framework/src/Illuminate/Foundation/Http/Middleware/TransformsRequest.php(21): Illuminate/Pipeline/Pipeline->{closure:Illuminate/Pipeline/Pipeline::prepareDestination():142}()
#21 D:/new -1 tax/taxlegal/backend/vendor/laravel/framework/src/Illuminate/Foundation/Http/Middleware/ConvertEmptyStringsToNull.php(31): Illuminate/Foundation/Http/Middleware/TransformsRequest->handle()
#22 D:/new -1 tax/taxlegal/backend/vendor/laravel/framework/src/Illuminate/Pipeline/Pipeline.php(183): Illuminate/Foundation/Http/Middleware/ConvertEmptyStringsToNull->handle()
#23 D:/new -1 tax/taxlegal/backend/vendor/laravel/framework/src/Illuminate/Foundation/Http/Middleware/TransformsRequest.php(21): Illuminate/Pipeline/Pipeline->{closure:{closure:Illuminate/Pipeline/Pipeline::carry():158}:159}()
#24 D:/new -1 tax/taxlegal/backend/vendor/laravel/framework/src/Illuminate/Foundation/Http/Middleware/TrimStrings.php(40): Illuminate/Foundation/Http/Middleware/TransformsRequest->handle()
#25 D:/new -1 tax/taxlegal/backend/vendor/laravel/framework/src/Illuminate/Pipeline/Pipeline.php(183): Illuminate/Foundation/Http/Middleware/TrimStrings->handle()
#26 D:/new -1 tax/taxlegal/backend/vendor/laravel/framework/src/Illuminate/Foundation/Http/Middleware/ValidatePostSize.php(27): Illuminate/Pipeline/Pipeline->{closure:{closure:Illuminate/Pipeline/Pipeline::carry():158}:159}()
#27 D:/new -1 tax/taxlegal/backend/vendor/laravel/framework/src/Illuminate/Pipeline/Pipeline.php(183): Illuminate/Foundation/Http/Middleware/ValidatePostSize->handle()
#28 D:/new -1 tax/taxlegal/backend/vendor/laravel/framework/src/Illuminate/Foundation/Http/Middleware/PreventRequestsDuringMaintenance.php(99): Illuminate/Pipeline/Pipeline->{closure:{closure:Illuminate/Pipeline/Pipeline::carry():158}:159}()
#29 D:/new -1 tax/taxlegal/backend/vendor/laravel/framework/src/Illuminate/Pipeline/Pipeline.php(183): Illuminate/Foundation/Http/Middleware/PreventRequestsDuringMaintenance->handle()
#30 D:/new -1 tax/taxlegal/backend/vendor/laravel/framework/src/Illuminate/Http/Middleware/HandleCors.php(62): Illuminate/Pipeline/Pipeline->{closure:{closure:Illuminate/Pipeline/Pipeline::carry():158}:159}()
#31 D:/new -1 tax/taxlegal/backend/vendor/laravel/framework/src/Illuminate/Pipeline/Pipeline.php(183): Illuminate/Http/Middleware/HandleCors->handle()
#32 D:/new -1 tax/taxlegal/backend/vendor/laravel/framework/src/Illuminate/Http/Middleware/TrustProxies.php(39): Illuminate/Pipeline/Pipeline->{closure:{closure:Illuminate/Pipeline/Pipeline::carry():158}:159}()
#33 D:/new -1 tax/taxlegal/backend/vendor/laravel/framework/src/Illuminate/Pipeline/Pipeline.php(183): Illuminate/Http/Middleware/TrustProxies->handle()
#34 D:/new -1 tax/taxlegal/backend/vendor/laravel/framework/src/Illuminate/Pipeline/Pipeline.php(119): Illuminate/Pipeline/Pipeline->{closure:{closure:Illuminate/Pipeline/Pipeline::carry():158}:159}()
#35 D:/new -1 tax/taxlegal/backend/vendor/laravel/framework/src/Illuminate/Foundation/Http/Kernel.php(175): Illuminate/Pipeline/Pipeline->then()
#36 D:/new -1 tax/taxlegal/backend/vendor/laravel/framework/src/Illuminate/Foundation/Http/Kernel.php(144): Illuminate/Foundation/Http/Kernel->sendRequestThroughRouter()
#37 D:/new -1 tax/taxlegal/backend/public/index.php(50): Illuminate/Foundation/Http/Kernel->handle()
#38 D:/new -1 tax/taxlegal/backend/vendor/laravel/framework/src/Illuminate/Foundation/resources/server.php(16): require_once('...')
#39 {main}
"} 
[2026-04-18 10:11:44] laravel.ERROR: Attempt to read property "id" on null {"exception":"[object] (ErrorException(code: 0): Attempt to read property \"id\" on null at D:/new -1 tax/taxlegal/backend/app/Http/Resources/PostResource.php:39)
[stacktrace]
#0 D:/new -1 tax/taxlegal/backend/vendor/laravel/framework/src/Illuminate/Foundation/Bootstrap/HandleExceptions.php(255): Illuminate/Foundation/Bootstrap/HandleExceptions->handleError()
#1 D:/new -1 tax/taxlegal/backend/app/Http/Resources/PostResource.php(39): Illuminate/Foundation/Bootstrap/HandleExceptions->{closure:Illuminate/Foundation/Bootstrap/HandleExceptions::forwardsTo():254}()
#2 D:/new -1 tax/taxlegal/backend/vendor/laravel/framework/src/Illuminate/Collections/HigherOrderCollectionProxy.php(60): App/Http/Resources/PostResource->toArray()
#3 [internal function]: Illuminate/Support/HigherOrderCollectionProxy->{closure:Illuminate/Support/HigherOrderCollectionProxy::__call():59}()
#4 D:/new -1 tax/taxlegal/backend/vendor/laravel/framework/src/Illuminate/Collections/Arr.php(600): array_map()
#5 D:/new -1 tax/taxlegal/backend/vendor/laravel/framework/src/Illuminate/Collections/Collection.php(778): Illuminate/Support/Arr::map()
#6 D:/new -1 tax/taxlegal/backend/vendor/laravel/framework/src/Illuminate/Collections/HigherOrderCollectionProxy.php(59): Illuminate/Support/Collection->map()
#7 D:/new -1 tax/taxlegal/backend/vendor/laravel/framework/src/Illuminate/Http/Resources/Json/ResourceCollection.php(102): Illuminate/Support/HigherOrderCollectionProxy->__call()
#8 D:/new -1 tax/taxlegal/backend/vendor/laravel/framework/src/Illuminate/Http/Resources/Json/JsonResource.php(108): Illuminate/Http/Resources/Json/ResourceCollection->toArray()
#9 D:/new -1 tax/taxlegal/backend/vendor/laravel/framework/src/Illuminate/Http/Resources/Json/JsonResource.php(255): Illuminate/Http/Resources/Json/JsonResource->resolve()
#10 [internal function]: Illuminate/Http/Resources/Json/JsonResource->jsonSerialize()
#11 D:/new -1 tax/taxlegal/backend/vendor/laravel/framework/src/Illuminate/Http/JsonResponse.php(84): json_encode()
#12 D:/new -1 tax/taxlegal/backend/vendor/symfony/http-foundation/JsonResponse.php(49): Illuminate/Http/JsonResponse->setData()
#13 D:/new -1 tax/taxlegal/backend/vendor/laravel/framework/src/Illuminate/Http/JsonResponse.php(32): Symfony/Component/HttpFoundation/JsonResponse->__construct()
#14 D:/new -1 tax/taxlegal/backend/vendor/laravel/framework/src/Illuminate/Routing/ResponseFactory.php(102): Illuminate/Http/JsonResponse->__construct()
#15 D:/new -1 tax/taxlegal/backend/app/Http/Controllers/Api/PostController.php(49): Illuminate/Routing/ResponseFactory->json()
#16 D:/new -1 tax/taxlegal/backend/vendor/laravel/framework/src/Illuminate/Routing/Controller.php(54): App/Http/Controllers/Api/PostController->index()
#17 D:/new -1 tax/taxlegal/backend/vendor/laravel/framework/src/Illuminate/Routing/ControllerDispatcher.php(43): Illuminate/Routing/Controller->callAction()
#18 D:/new -1 tax/taxlegal/backend/vendor/laravel/framework/src/Illuminate/Routing/Route.php(259): Illuminate/Routing/ControllerDispatcher->dispatch()
#19 D:/new -1 tax/taxlegal/backend/vendor/laravel/framework/src/Illuminate/Routing/Route.php(205): Illuminate/Routing/Route->runController()
#20 D:/new -1 tax/taxlegal/backend/vendor/laravel/framework/src/Illuminate/Routing/Router.php(806): Illuminate/Routing/Route->run()
#21 D:/new -1 tax/taxlegal/backend/vendor/laravel/framework/src/Illuminate/Pipeline/Pipeline.php(144): Illuminate/Routing/Router->{closure:Illuminate/Routing/Router::runRouteWithinStack():805}()
#22 D:/new -1 tax/taxlegal/backend/vendor/laravel/framework/src/Illuminate/Routing/Middleware/SubstituteBindings.php(50): Illuminate/Pipeline/Pipeline->{closure:Illuminate/Pipeline/Pipeline::prepareDestination():142}()
#23 D:/new -1 tax/taxlegal/backend/vendor/laravel/framework/src/Illuminate/Pipeline/Pipeline.php(183): Illuminate/Routing/Middleware/SubstituteBindings->handle()
#24 D:/new -1 tax/taxlegal/backend/vendor/laravel/framework/src/Illuminate/Routing/Middleware/ThrottleRequests.php(159): Illuminate/Pipeline/Pipeline->{closure:{closure:Illuminate/Pipeline/Pipeline::carry():158}:159}()
#25 D:/new -1 tax/taxlegal/backend/vendor/laravel/framework/src/Illuminate/Routing/Middleware/ThrottleRequests.php(125): Illuminate/Routing/Middleware/ThrottleRequests->handleRequest()
#26 D:/new -1 tax/taxlegal/backend/vendor/laravel/framework/src/Illuminate/Routing/Middleware/ThrottleRequests.php(87): Illuminate/Routing/Middleware/ThrottleRequests->handleRequestUsingNamedLimiter()
#27 D:/new -1 tax/taxlegal/backend/vendor/laravel/framework/src/Illuminate/Pipeline/Pipeline.php(183): Illuminate/Routing/Middleware/ThrottleRequests->handle()
#28 D:/new -1 tax/taxlegal/backend/vendor/laravel/framework/src/Illuminate/Pipeline/Pipeline.php(119): Illuminate/Pipeline/Pipeline->{closure:{closure:Illuminate/Pipeline/Pipeline::carry():158}:159}()
#29 D:/new -1 tax/taxlegal/backend/vendor/laravel/framework/src/Illuminate/Routing/Router.php(805): Illuminate/Pipeline/Pipeline->then()
#30 D:/new -1 tax/taxlegal/backend/vendor/laravel/framework/src/Illuminate/Routing/Router.php(784): Illuminate/Routing/Router->runRouteWithinStack()
#31 D:/new -1 tax/taxlegal/backend/vendor/laravel/framework/src/Illuminate/Routing/Router.php(748): Illuminate/Routing/Router->runRoute()
#32 D:/new -1 tax/taxlegal/backend/vendor/laravel/framework/src/Illuminate/Routing/Router.php(737): Illuminate/Routing/Router->dispatchToRoute()
#33 D:/new -1 tax/taxlegal/backend/vendor/laravel/framework/src/Illuminate/Foundation/Http/Kernel.php(200): Illuminate/Routing/Router->dispatch()
#34 D:/new -1 tax/taxlegal/backend/vendor/laravel/framework/src/Illuminate/Pipeline/Pipeline.php(144): Illuminate/Foundation/Http/Kernel->{closure:Illuminate/Foundation/Http/Kernel::dispatchToRouter():197}()
#35 D:/new -1 tax/taxlegal/backend/vendor/laravel/framework/src/Illuminate/Foundation/Http/Middleware/TransformsRequest.php(21): Illuminate/Pipeline/Pipeline->{closure:Illuminate/Pipeline/Pipeline::prepareDestination():142}()
#36 D:/new -1 tax/taxlegal/backend/vendor/laravel/framework/src/Illuminate/Foundation/Http/Middleware/ConvertEmptyStringsToNull.php(31): Illuminate/Foundation/Http/Middleware/TransformsRequest->handle()
#37 D:/new -1 tax/taxlegal/backend/vendor/laravel/framework/src/Illuminate/Pipeline/Pipeline.php(183): Illuminate/Foundation/Http/Middleware/ConvertEmptyStringsToNull->handle()
#38 D:/new -1 tax/taxlegal/backend/vendor/laravel/framework/src/Illuminate/Foundation/Http/Middleware/TransformsRequest.php(21): Illuminate/Pipeline/Pipeline->{closure:{closure:Illuminate/Pipeline/Pipeline::carry():158}:159}()
#39 D:/new -1 tax/taxlegal/backend/vendor/laravel/framework/src/Illuminate/Foundation/Http/Middleware/TrimStrings.php(40): Illuminate/Foundation/Http/Middleware/TransformsRequest->handle()
#40 D:/new -1 tax/taxlegal/backend/vendor/laravel/framework/src/Illuminate/Pipeline/Pipeline.php(183): Illuminate/Foundation/Http/Middleware/TrimStrings->handle()
#41 D:/new -1 tax/taxlegal/backend/vendor/laravel/framework/src/Illuminate/Foundation/Http/Middleware/ValidatePostSize.php(27): Illuminate/Pipeline/Pipeline->{closure:{closure:Illuminate/Pipeline/Pipeline::carry():158}:159}()
#42 D:/new -1 tax/taxlegal/backend/vendor/laravel/framework/src/Illuminate/Pipeline/Pipeline.php(183): Illuminate/Foundation/Http/Middleware/ValidatePostSize->handle()
#43 D:/new -1 tax/taxlegal/backend/vendor/laravel/framework/src/Illuminate/Foundation/Http/Middleware/PreventRequestsDuringMaintenance.php(99): Illuminate/Pipeline/Pipeline->{closure:{closure:Illuminate/Pipeline/Pipeline::carry():158}:159}()
#44 D:/new -1 tax/taxlegal/backend/vendor/laravel/framework/src/Illuminate/Pipeline/Pipeline.php(183): Illuminate/Foundation/Http/Middleware/PreventRequestsDuringMaintenance->handle()
#45 D:/new -1 tax/taxlegal/backend/vendor/laravel/framework/src/Illuminate/Http/Middleware/HandleCors.php(62): Illuminate/Pipeline/Pipeline->{closure:{closure:Illuminate/Pipeline/Pipeline::carry():158}:159}()
#46 D:/new -1 tax/taxlegal/backend/vendor/laravel/framework/src/Illuminate/Pipeline/Pipeline.php(183): Illuminate/Http/Middleware/HandleCors->handle()
#47 D:/new -1 tax/taxlegal/backend/vendor/laravel/framework/src/Illuminate/Http/Middleware/TrustProxies.php(39): Illuminate/Pipeline/Pipeline->{closure:{closure:Illuminate/Pipeline/Pipeline::carry():158}:159}()
#48 D:/new -1 tax/taxlegal/backend/vendor/laravel/framework/src/Illuminate/Pipeline/Pipeline.php(183): Illuminate/Http/Middleware/TrustProxies->handle()
#49 D:/new -1 tax/taxlegal/backend/vendor/laravel/framework/src/Illuminate/Pipeline/Pipeline.php(119): Illuminate/Pipeline/Pipeline->{closure:{closure:Illuminate/Pipeline/Pipeline::carry():158}:159}()
#50 D:/new -1 tax/taxlegal/backend/vendor/laravel/framework/src/Illuminate/Foundation/Http/Kernel.php(175): Illuminate/Pipeline/Pipeline->then()
#51 D:/new -1 tax/taxlegal/backend/vendor/laravel/framework/src/Illuminate/Foundation/Http/Kernel.php(144): Illuminate/Foundation/Http/Kernel->sendRequestThroughRouter()
#52 D:/new -1 tax/taxlegal/backend/public/index.php(50): Illuminate/Foundation/Http/Kernel->handle()
#53 D:/new -1 tax/taxlegal/backend/vendor/laravel/framework/src/Illuminate/Foundation/resources/server.php(16): require_once('...')
#54 {main}
"} 
[2026-04-18 10:11:45] laravel.EMERGENCY: Unable to create configured logger. Using emergency logger. {"exception":"[object] (InvalidArgumentException(code: 0): Log [] is not defined. at D:/new -1 tax/taxlegal/backend/vendor/laravel/framework/src/Illuminate/Log/LogManager.php:212)
[stacktrace]
#0 D:/new -1 tax/taxlegal/backend/vendor/laravel/framework/src/Illuminate/Log/LogManager.php(137): Illuminate/Log/LogManager->resolve()
#1 D:/new -1 tax/taxlegal/backend/vendor/laravel/framework/src/Illuminate/Log/LogManager.php(124): Illuminate/Log/LogManager->get()
#2 D:/new -1 tax/taxlegal/backend/vendor/laravel/framework/src/Illuminate/Log/LogManager.php(681): Illuminate/Log/LogManager->driver()
#3 D:/new -1 tax/taxlegal/backend/vendor/laravel/framework/src/Illuminate/Foundation/Exceptions/Handler.php(317): Illuminate/Log/LogManager->error()
#4 D:/new -1 tax/taxlegal/backend/vendor/laravel/framework/src/Illuminate/Foundation/Exceptions/Handler.php(278): Illuminate/Foundation/Exceptions/Handler->reportThrowable()
#5 D:/new -1 tax/taxlegal/backend/vendor/laravel/framework/src/Illuminate/Routing/Pipeline.php(49): Illuminate/Foundation/Exceptions/Handler->report()
#6 D:/new -1 tax/taxlegal/backend/vendor/laravel/framework/src/Illuminate/Pipeline/Pipeline.php(146): Illuminate/Routing/Pipeline->handleException()
#7 D:/new -1 tax/taxlegal/backend/vendor/laravel/framework/src/Illuminate/Routing/Middleware/SubstituteBindings.php(50): Illuminate/Pipeline/Pipeline->{closure:Illuminate/Pipeline/Pipeline::prepareDestination():142}()
#8 D:/new -1 tax/taxlegal/backend/vendor/laravel/framework/src/Illuminate/Pipeline/Pipeline.php(183): Illuminate/Routing/Middleware/SubstituteBindings->handle()
#9 D:/new -1 tax/taxlegal/backend/vendor/laravel/framework/src/Illuminate/Routing/Middleware/ThrottleRequests.php(159): Illuminate/Pipeline/Pipeline->{closure:{closure:Illuminate/Pipeline/Pipeline::carry():158}:159}()
#10 D:/new -1 tax/taxlegal/backend/vendor/laravel/framework/src/Illuminate/Routing/Middleware/ThrottleRequests.php(125): Illuminate/Routing/Middleware/ThrottleRequests->handleRequest()
#11 D:/new -1 tax/taxlegal/backend/vendor/laravel/framework/src/Illuminate/Routing/Middleware/ThrottleRequests.php(87): Illuminate/Routing/Middleware/ThrottleRequests->handleRequestUsingNamedLimiter()
#12 D:/new -1 tax/taxlegal/backend/vendor/laravel/framework/src/Illuminate/Pipeline/Pipeline.php(183): Illuminate/Routing/Middleware/ThrottleRequests->handle()
#13 D:/new -1 tax/taxlegal/backend/vendor/laravel/framework/src/Illuminate/Pipeline/Pipeline.php(119): Illuminate/Pipeline/Pipeline->{closure:{closure:Illuminate/Pipeline/Pipeline::carry():158}:159}()
#14 D:/new -1 tax/taxlegal/backend/vendor/laravel/framework/src/Illuminate/Routing/Router.php(805): Illuminate/Pipeline/Pipeline->then()
#15 D:/new -1 tax/taxlegal/backend/vendor/laravel/framework/src/Illuminate/Routing/Router.php(784): Illuminate/Routing/Router->runRouteWithinStack()
#16 D:/new -1 tax/taxlegal/backend/vendor/laravel/framework/src/Illuminate/Routing/Router.php(748): Illuminate/Routing/Router->runRoute()
#17 D:/new -1 tax/taxlegal/backend/vendor/laravel/framework/src/Illuminate/Routing/Router.php(737): Illuminate/Routing/Router->dispatchToRoute()
#18 D:/new -1 tax/taxlegal/backend/vendor/laravel/framework/src/Illuminate/Foundation/Http/Kernel.php(200): Illuminate/Routing/Router->dispatch()
#19 D:/new -1 tax/taxlegal/backend/vendor/laravel/framework/src/Illuminate/Pipeline/Pipeline.php(144): Illuminate/Foundation/Http/Kernel->{closure:Illuminate/Foundation/Http/Kernel::dispatchToRouter():197}()
#20 D:/new -1 tax/taxlegal/backend/vendor/laravel/framework/src/Illuminate/Foundation/Http/Middleware/TransformsRequest.php(21): Illuminate/Pipeline/Pipeline->{closure:Illuminate/Pipeline/Pipeline::prepareDestination():142}()
#21 D:/new -1 tax/taxlegal/backend/vendor/laravel/framework/src/Illuminate/Foundation/Http/Middleware/ConvertEmptyStringsToNull.php(31): Illuminate/Foundation/Http/Middleware/TransformsRequest->handle()
#22 D:/new -1 tax/taxlegal/backend/vendor/laravel/framework/src/Illuminate/Pipeline/Pipeline.php(183): Illuminate/Foundation/Http/Middleware/ConvertEmptyStringsToNull->handle()
#23 D:/new -1 tax/taxlegal/backend/vendor/laravel/framework/src/Illuminate/Foundation/Http/Middleware/TransformsRequest.php(21): Illuminate/Pipeline/Pipeline->{closure:{closure:Illuminate/Pipeline/Pipeline::carry():158}:159}()
#24 D:/new -1 tax/taxlegal/backend/vendor/laravel/framework/src/Illuminate/Foundation/Http/Middleware/TrimStrings.php(40): Illuminate/Foundation/Http/Middleware/TransformsRequest->handle()
#25 D:/new -1 tax/taxlegal/backend/vendor/laravel/framework/src/Illuminate/Pipeline/Pipeline.php(183): Illuminate/Foundation/Http/Middleware/TrimStrings->handle()
#26 D:/new -1 tax/taxlegal/backend/vendor/laravel/framework/src/Illuminate/Foundation/Http/Middleware/ValidatePostSize.php(27): Illuminate/Pipeline/Pipeline->{closure:{closure:Illuminate/Pipeline/Pipeline::carry():158}:159}()
#27 D:/new -1 tax/taxlegal/backend/vendor/laravel/framework/src/Illuminate/Pipeline/Pipeline.php(183): Illuminate/Foundation/Http/Middleware/ValidatePostSize->handle()
#28 D:/new -1 tax/taxlegal/backend/vendor/laravel/framework/src/Illuminate/Foundation/Http/Middleware/PreventRequestsDuringMaintenance.php(99): Illuminate/Pipeline/Pipeline->{closure:{closure:Illuminate/Pipeline/Pipeline::carry():158}:159}()
#29 D:/new -1 tax/taxlegal/backend/vendor/laravel/framework/src/Illuminate/Pipeline/Pipeline.php(183): Illuminate/Foundation/Http/Middleware/PreventRequestsDuringMaintenance->handle()
#30 D:/new -1 tax/taxlegal/backend/vendor/laravel/framework/src/Illuminate/Http/Middleware/HandleCors.php(62): Illuminate/Pipeline/Pipeline->{closure:{closure:Illuminate/Pipeline/Pipeline::carry():158}:159}()
#31 D:/new -1 tax/taxlegal/backend/vendor/laravel/framework/src/Illuminate/Pipeline/Pipeline.php(183): Illuminate/Http/Middleware/HandleCors->handle()
#32 D:/new -1 tax/taxlegal/backend/vendor/laravel/framework/src/Illuminate/Http/Middleware/TrustProxies.php(39): Illuminate/Pipeline/Pipeline->{closure:{closure:Illuminate/Pipeline/Pipeline::carry():158}:159}()
#33 D:/new -1 tax/taxlegal/backend/vendor/laravel/framework/src/Illuminate/Pipeline/Pipeline.php(183): Illuminate/Http/Middleware/TrustProxies->handle()
#34 D:/new -1 tax/taxlegal/backend/vendor/laravel/framework/src/Illuminate/Pipeline/Pipeline.php(119): Illuminate/Pipeline/Pipeline->{closure:{closure:Illuminate/Pipeline/Pipeline::carry():158}:159}()
#35 D:/new -1 tax/taxlegal/backend/vendor/laravel/framework/src/Illuminate/Foundation/Http/Kernel.php(175): Illuminate/Pipeline/Pipeline->then()
#36 D:/new -1 tax/taxlegal/backend/vendor/laravel/framework/src/Illuminate/Foundation/Http/Kernel.php(144): Illuminate/Foundation/Http/Kernel->sendRequestThroughRouter()
#37 D:/new -1 tax/taxlegal/backend/public/index.php(50): Illuminate/Foundation/Http/Kernel->handle()
#38 D:/new -1 tax/taxlegal/backend/vendor/laravel/framework/src/Illuminate/Foundation/resources/server.php(16): require_once('...')
#39 {main}
"} 
[2026-04-18 10:11:45] laravel.ERROR: Attempt to read property "id" on null {"exception":"[object] (ErrorException(code: 0): Attempt to read property \"id\" on null at D:/new -1 tax/taxlegal/backend/app/Http/Resources/PostResource.php:39)
[stacktrace]
#0 D:/new -1 tax/taxlegal/backend/vendor/laravel/framework/src/Illuminate/Foundation/Bootstrap/HandleExceptions.php(255): Illuminate/Foundation/Bootstrap/HandleExceptions->handleError()
#1 D:/new -1 tax/taxlegal/backend/app/Http/Resources/PostResource.php(39): Illuminate/Foundation/Bootstrap/HandleExceptions->{closure:Illuminate/Foundation/Bootstrap/HandleExceptions::forwardsTo():254}()
#2 D:/new -1 tax/taxlegal/backend/vendor/laravel/framework/src/Illuminate/Collections/HigherOrderCollectionProxy.php(60): App/Http/Resources/PostResource->toArray()
#3 [internal function]: Illuminate/Support/HigherOrderCollectionProxy->{closure:Illuminate/Support/HigherOrderCollectionProxy::__call():59}()
#4 D:/new -1 tax/taxlegal/backend/vendor/laravel/framework/src/Illuminate/Collections/Arr.php(600): array_map()
#5 D:/new -1 tax/taxlegal/backend/vendor/laravel/framework/src/Illuminate/Collections/Collection.php(778): Illuminate/Support/Arr::map()
#6 D:/new -1 tax/taxlegal/backend/vendor/laravel/framework/src/Illuminate/Collections/HigherOrderCollectionProxy.php(59): Illuminate/Support/Collection->map()
#7 D:/new -1 tax/taxlegal/backend/vendor/laravel/framework/src/Illuminate/Http/Resources/Json/ResourceCollection.php(102): Illuminate/Support/HigherOrderCollectionProxy->__call()
#8 D:/new -1 tax/taxlegal/backend/vendor/laravel/framework/src/Illuminate/Http/Resources/Json/JsonResource.php(108): Illuminate/Http/Resources/Json/ResourceCollection->toArray()
#9 D:/new -1 tax/taxlegal/backend/vendor/laravel/framework/src/Illuminate/Http/Resources/Json/JsonResource.php(255): Illuminate/Http/Resources/Json/JsonResource->resolve()
#10 [internal function]: Illuminate/Http/Resources/Json/JsonResource->jsonSerialize()
#11 D:/new -1 tax/taxlegal/backend/vendor/laravel/framework/src/Illuminate/Http/JsonResponse.php(84): json_encode()
#12 D:/new -1 tax/taxlegal/backend/vendor/symfony/http-foundation/JsonResponse.php(49): Illuminate/Http/JsonResponse->setData()
#13 D:/new -1 tax/taxlegal/backend/vendor/laravel/framework/src/Illuminate/Http/JsonResponse.php(32): Symfony/Component/HttpFoundation/JsonResponse->__construct()
#14 D:/new -1 tax/taxlegal/backend/vendor/laravel/framework/src/Illuminate/Routing/ResponseFactory.php(102): Illuminate/Http/JsonResponse->__construct()
#15 D:/new -1 tax/taxlegal/backend/app/Http/Controllers/Api/PostController.php(49): Illuminate/Routing/ResponseFactory->json()
#16 D:/new -1 tax/taxlegal/backend/vendor/laravel/framework/src/Illuminate/Routing/Controller.php(54): App/Http/Controllers/Api/PostController->index()
#17 D:/new -1 tax/taxlegal/backend/vendor/laravel/framework/src/Illuminate/Routing/ControllerDispatcher.php(43): Illuminate/Routing/Controller->callAction()
#18 D:/new -1 tax/taxlegal/backend/vendor/laravel/framework/src/Illuminate/Routing/Route.php(259): Illuminate/Routing/ControllerDispatcher->dispatch()
#19 D:/new -1 tax/taxlegal/backend/vendor/laravel/framework/src/Illuminate/Routing/Route.php(205): Illuminate/Routing/Route->runController()
#20 D:/new -1 tax/taxlegal/backend/vendor/laravel/framework/src/Illuminate/Routing/Router.php(806): Illuminate/Routing/Route->run()
#21 D:/new -1 tax/taxlegal/backend/vendor/laravel/framework/src/Illuminate/Pipeline/Pipeline.php(144): Illuminate/Routing/Router->{closure:Illuminate/Routing/Router::runRouteWithinStack():805}()
#22 D:/new -1 tax/taxlegal/backend/vendor/laravel/framework/src/Illuminate/Routing/Middleware/SubstituteBindings.php(50): Illuminate/Pipeline/Pipeline->{closure:Illuminate/Pipeline/Pipeline::prepareDestination():142}()
#23 D:/new -1 tax/taxlegal/backend/vendor/laravel/framework/src/Illuminate/Pipeline/Pipeline.php(183): Illuminate/Routing/Middleware/SubstituteBindings->handle()
#24 D:/new -1 tax/taxlegal/backend/vendor/laravel/framework/src/Illuminate/Routing/Middleware/ThrottleRequests.php(159): Illuminate/Pipeline/Pipeline->{closure:{closure:Illuminate/Pipeline/Pipeline::carry():158}:159}()
#25 D:/new -1 tax/taxlegal/backend/vendor/laravel/framework/src/Illuminate/Routing/Middleware/ThrottleRequests.php(125): Illuminate/Routing/Middleware/ThrottleRequests->handleRequest()
#26 D:/new -1 tax/taxlegal/backend/vendor/laravel/framework/src/Illuminate/Routing/Middleware/ThrottleRequests.php(87): Illuminate/Routing/Middleware/ThrottleRequests->handleRequestUsingNamedLimiter()
#27 D:/new -1 tax/taxlegal/backend/vendor/laravel/framework/src/Illuminate/Pipeline/Pipeline.php(183): Illuminate/Routing/Middleware/ThrottleRequests->handle()
#28 D:/new -1 tax/taxlegal/backend/vendor/laravel/framework/src/Illuminate/Pipeline/Pipeline.php(119): Illuminate/Pipeline/Pipeline->{closure:{closure:Illuminate/Pipeline/Pipeline::carry():158}:159}()
#29 D:/new -1 tax/taxlegal/backend/vendor/laravel/framework/src/Illuminate/Routing/Router.php(805): Illuminate/Pipeline/Pipeline->then()
#30 D:/new -1 tax/taxlegal/backend/vendor/laravel/framework/src/Illuminate/Routing/Router.php(784): Illuminate/Routing/Router->runRouteWithinStack()
#31 D:/new -1 tax/taxlegal/backend/vendor/laravel/framework/src/Illuminate/Routing/Router.php(748): Illuminate/Routing/Router->runRoute()
#32 D:/new -1 tax/taxlegal/backend/vendor/laravel/framework/src/Illuminate/Routing/Router.php(737): Illuminate/Routing/Router->dispatchToRoute()
#33 D:/new -1 tax/taxlegal/backend/vendor/laravel/framework/src/Illuminate/Foundation/Http/Kernel.php(200): Illuminate/Routing/Router->dispatch()
#34 D:/new -1 tax/taxlegal/backend/vendor/laravel/framework/src/Illuminate/Pipeline/Pipeline.php(144): Illuminate/Foundation/Http/Kernel->{closure:Illuminate/Foundation/Http/Kernel::dispatchToRouter():197}()
#35 D:/new -1 tax/taxlegal/backend/vendor/laravel/framework/src/Illuminate/Foundation/Http/Middleware/TransformsRequest.php(21): Illuminate/Pipeline/Pipeline->{closure:Illuminate/Pipeline/Pipeline::prepareDestination():142}()
#36 D:/new -1 tax/taxlegal/backend/vendor/laravel/framework/src/Illuminate/Foundation/Http/Middleware/ConvertEmptyStringsToNull.php(31): Illuminate/Foundation/Http/Middleware/TransformsRequest->handle()
#37 D:/new -1 tax/taxlegal/backend/vendor/laravel/framework/src/Illuminate/Pipeline/Pipeline.php(183): Illuminate/Foundation/Http/Middleware/ConvertEmptyStringsToNull->handle()
#38 D:/new -1 tax/taxlegal/backend/vendor/laravel/framework/src/Illuminate/Foundation/Http/Middleware/TransformsRequest.php(21): Illuminate/Pipeline/Pipeline->{closure:{closure:Illuminate/Pipeline/Pipeline::carry():158}:159}()
#39 D:/new -1 tax/taxlegal/backend/vendor/laravel/framework/src/Illuminate/Foundation/Http/Middleware/TrimStrings.php(40): Illuminate/Foundation/Http/Middleware/TransformsRequest->handle()
#40 D:/new -1 tax/taxlegal/backend/vendor/laravel/framework/src/Illuminate/Pipeline/Pipeline.php(183): Illuminate/Foundation/Http/Middleware/TrimStrings->handle()
#41 D:/new -1 tax/taxlegal/backend/vendor/laravel/framework/src/Illuminate/Foundation/Http/Middleware/ValidatePostSize.php(27): Illuminate/Pipeline/Pipeline->{closure:{closure:Illuminate/Pipeline/Pipeline::carry():158}:159}()
#42 D:/new -1 tax/taxlegal/backend/vendor/laravel/framework/src/Illuminate/Pipeline/Pipeline.php(183): Illuminate/Foundation/Http/Middleware/ValidatePostSize->handle()
#43 D:/new -1 tax/taxlegal/backend/vendor/laravel/framework/src/Illuminate/Foundation/Http/Middleware/PreventRequestsDuringMaintenance.php(99): Illuminate/Pipeline/Pipeline->{closure:{closure:Illuminate/Pipeline/Pipeline::carry():158}:159}()
#44 D:/new -1 tax/taxlegal/backend/vendor/laravel/framework/src/Illuminate/Pipeline/Pipeline.php(183): Illuminate/Foundation/Http/Middleware/PreventRequestsDuringMaintenance->handle()
#45 D:/new -1 tax/taxlegal/backend/vendor/laravel/framework/src/Illuminate/Http/Middleware/HandleCors.php(62): Illuminate/Pipeline/Pipeline->{closure:{closure:Illuminate/Pipeline/Pipeline::carry():158}:159}()
#46 D:/new -1 tax/taxlegal/backend/vendor/laravel/framework/src/Illuminate/Pipeline/Pipeline.php(183): Illuminate/Http/Middleware/HandleCors->handle()
#47 D:/new -1 tax/taxlegal/backend/vendor/laravel/framework/src/Illuminate/Http/Middleware/TrustProxies.php(39): Illuminate/Pipeline/Pipeline->{closure:{closure:Illuminate/Pipeline/Pipeline::carry():158}:159}()
#48 D:/new -1 tax/taxlegal/backend/vendor/laravel/framework/src/Illuminate/Pipeline/Pipeline.php(183): Illuminate/Http/Middleware/TrustProxies->handle()
#49 D:/new -1 tax/taxlegal/backend/vendor/laravel/framework/src/Illuminate/Pipeline/Pipeline.php(119): Illuminate/Pipeline/Pipeline->{closure:{closure:Illuminate/Pipeline/Pipeline::carry():158}:159}()
#50 D:/new -1 tax/taxlegal/backend/vendor/laravel/framework/src/Illuminate/Foundation/Http/Kernel.php(175): Illuminate/Pipeline/Pipeline->then()
#51 D:/new -1 tax/taxlegal/backend/vendor/laravel/framework/src/Illuminate/Foundation/Http/Kernel.php(144): Illuminate/Foundation/Http/Kernel->sendRequestThroughRouter()
#52 D:/new -1 tax/taxlegal/backend/public/index.php(50): Illuminate/Foundation/Http/Kernel->handle()
#53 D:/new -1 tax/taxlegal/backend/vendor/laravel/framework/src/Illuminate/Foundation/resources/server.php(16): require_once('...')
#54 {main}
"} 
[2026-04-18 10:14:30] laravel.EMERGENCY: Unable to create configured logger. Using emergency logger. {"exception":"[object] (InvalidArgumentException(code: 0): Log [] is not defined. at D:/new -1 tax/taxlegal/backend/vendor/laravel/framework/src/Illuminate/Log/LogManager.php:212)
[stacktrace]
#0 D:/new -1 tax/taxlegal/backend/vendor/laravel/framework/src/Illuminate/Log/LogManager.php(137): Illuminate/Log/LogManager->resolve()
#1 D:/new -1 tax/taxlegal/backend/vendor/laravel/framework/src/Illuminate/Log/LogManager.php(124): Illuminate/Log/LogManager->get()
#2 D:/new -1 tax/taxlegal/backend/vendor/laravel/framework/src/Illuminate/Log/LogManager.php(681): Illuminate/Log/LogManager->driver()
#3 D:/new -1 tax/taxlegal/backend/vendor/laravel/framework/src/Illuminate/Foundation/Exceptions/Handler.php(317): Illuminate/Log/LogManager->error()
#4 D:/new -1 tax/taxlegal/backend/vendor/laravel/framework/src/Illuminate/Foundation/Exceptions/Handler.php(278): Illuminate/Foundation/Exceptions/Handler->reportThrowable()
#5 D:/new -1 tax/taxlegal/backend/vendor/laravel/framework/src/Illuminate/Routing/Pipeline.php(49): Illuminate/Foundation/Exceptions/Handler->report()
#6 D:/new -1 tax/taxlegal/backend/vendor/laravel/framework/src/Illuminate/Pipeline/Pipeline.php(146): Illuminate/Routing/Pipeline->handleException()
#7 D:/new -1 tax/taxlegal/backend/vendor/laravel/framework/src/Illuminate/Routing/Middleware/SubstituteBindings.php(50): Illuminate/Pipeline/Pipeline->{closure:Illuminate/Pipeline/Pipeline::prepareDestination():142}()
#8 D:/new -1 tax/taxlegal/backend/vendor/laravel/framework/src/Illuminate/Pipeline/Pipeline.php(183): Illuminate/Routing/Middleware/SubstituteBindings->handle()
#9 D:/new -1 tax/taxlegal/backend/vendor/laravel/framework/src/Illuminate/Routing/Middleware/ThrottleRequests.php(159): Illuminate/Pipeline/Pipeline->{closure:{closure:Illuminate/Pipeline/Pipeline::carry():158}:159}()
#10 D:/new -1 tax/taxlegal/backend/vendor/laravel/framework/src/Illuminate/Routing/Middleware/ThrottleRequests.php(125): Illuminate/Routing/Middleware/ThrottleRequests->handleRequest()
#11 D:/new -1 tax/taxlegal/backend/vendor/laravel/framework/src/Illuminate/Routing/Middleware/ThrottleRequests.php(87): Illuminate/Routing/Middleware/ThrottleRequests->handleRequestUsingNamedLimiter()
#12 D:/new -1 tax/taxlegal/backend/vendor/laravel/framework/src/Illuminate/Pipeline/Pipeline.php(183): Illuminate/Routing/Middleware/ThrottleRequests->handle()
#13 D:/new -1 tax/taxlegal/backend/vendor/laravel/framework/src/Illuminate/Pipeline/Pipeline.php(119): Illuminate/Pipeline/Pipeline->{closure:{closure:Illuminate/Pipeline/Pipeline::carry():158}:159}()
#14 D:/new -1 tax/taxlegal/backend/vendor/laravel/framework/src/Illuminate/Routing/Router.php(805): Illuminate/Pipeline/Pipeline->then()
#15 D:/new -1 tax/taxlegal/backend/vendor/laravel/framework/src/Illuminate/Routing/Router.php(784): Illuminate/Routing/Router->runRouteWithinStack()
#16 D:/new -1 tax/taxlegal/backend/vendor/laravel/framework/src/Illuminate/Routing/Router.php(748): Illuminate/Routing/Router->runRoute()
#17 D:/new -1 tax/taxlegal/backend/vendor/laravel/framework/src/Illuminate/Routing/Router.php(737): Illuminate/Routing/Router->dispatchToRoute()
#18 D:/new -1 tax/taxlegal/backend/vendor/laravel/framework/src/Illuminate/Foundation/Http/Kernel.php(200): Illuminate/Routing/Router->dispatch()
#19 D:/new -1 tax/taxlegal/backend/vendor/laravel/framework/src/Illuminate/Pipeline/Pipeline.php(144): Illuminate/Foundation/Http/Kernel->{closure:Illuminate/Foundation/Http/Kernel::dispatchToRouter():197}()
#20 D:/new -1 tax/taxlegal/backend/vendor/laravel/framework/src/Illuminate/Foundation/Http/Middleware/TransformsRequest.php(21): Illuminate/Pipeline/Pipeline->{closure:Illuminate/Pipeline/Pipeline::prepareDestination():142}()
#21 D:/new -1 tax/taxlegal/backend/vendor/laravel/framework/src/Illuminate/Foundation/Http/Middleware/ConvertEmptyStringsToNull.php(31): Illuminate/Foundation/Http/Middleware/TransformsRequest->handle()
#22 D:/new -1 tax/taxlegal/backend/vendor/laravel/framework/src/Illuminate/Pipeline/Pipeline.php(183): Illuminate/Foundation/Http/Middleware/ConvertEmptyStringsToNull->handle()
#23 D:/new -1 tax/taxlegal/backend/vendor/laravel/framework/src/Illuminate/Foundation/Http/Middleware/TransformsRequest.php(21): Illuminate/Pipeline/Pipeline->{closure:{closure:Illuminate/Pipeline/Pipeline::carry():158}:159}()
#24 D:/new -1 tax/taxlegal/backend/vendor/laravel/framework/src/Illuminate/Foundation/Http/Middleware/TrimStrings.php(40): Illuminate/Foundation/Http/Middleware/TransformsRequest->handle()
#25 D:/new -1 tax/taxlegal/backend/vendor/laravel/framework/src/Illuminate/Pipeline/Pipeline.php(183): Illuminate/Foundation/Http/Middleware/TrimStrings->handle()
#26 D:/new -1 tax/taxlegal/backend/vendor/laravel/framework/src/Illuminate/Foundation/Http/Middleware/ValidatePostSize.php(27): Illuminate/Pipeline/Pipeline->{closure:{closure:Illuminate/Pipeline/Pipeline::carry():158}:159}()
#27 D:/new -1 tax/taxlegal/backend/vendor/laravel/framework/src/Illuminate/Pipeline/Pipeline.php(183): Illuminate/Foundation/Http/Middleware/ValidatePostSize->handle()
#28 D:/new -1 tax/taxlegal/backend/vendor/laravel/framework/src/Illuminate/Foundation/Http/Middleware/PreventRequestsDuringMaintenance.php(99): Illuminate/Pipeline/Pipeline->{closure:{closure:Illuminate/Pipeline/Pipeline::carry():158}:159}()
#29 D:/new -1 tax/taxlegal/backend/vendor/laravel/framework/src/Illuminate/Pipeline/Pipeline.php(183): Illuminate/Foundation/Http/Middleware/PreventRequestsDuringMaintenance->handle()
#30 D:/new -1 tax/taxlegal/backend/vendor/laravel/framework/src/Illuminate/Http/Middleware/HandleCors.php(62): Illuminate/Pipeline/Pipeline->{closure:{closure:Illuminate/Pipeline/Pipeline::carry():158}:159}()
#31 D:/new -1 tax/taxlegal/backend/vendor/laravel/framework/src/Illuminate/Pipeline/Pipeline.php(183): Illuminate/Http/Middleware/HandleCors->handle()
#32 D:/new -1 tax/taxlegal/backend/vendor/laravel/framework/src/Illuminate/Http/Middleware/TrustProxies.php(39): Illuminate/Pipeline/Pipeline->{closure:{closure:Illuminate/Pipeline/Pipeline::carry():158}:159}()
#33 D:/new -1 tax/taxlegal/backend/vendor/laravel/framework/src/Illuminate/Pipeline/Pipeline.php(183): Illuminate/Http/Middleware/TrustProxies->handle()
#34 D:/new -1 tax/taxlegal/backend/vendor/laravel/framework/src/Illuminate/Pipeline/Pipeline.php(119): Illuminate/Pipeline/Pipeline->{closure:{closure:Illuminate/Pipeline/Pipeline::carry():158}:159}()
#35 D:/new -1 tax/taxlegal/backend/vendor/laravel/framework/src/Illuminate/Foundation/Http/Kernel.php(175): Illuminate/Pipeline/Pipeline->then()
#36 D:/new -1 tax/taxlegal/backend/vendor/laravel/framework/src/Illuminate/Foundation/Http/Kernel.php(144): Illuminate/Foundation/Http/Kernel->sendRequestThroughRouter()
#37 D:/new -1 tax/taxlegal/backend/public/index.php(50): Illuminate/Foundation/Http/Kernel->handle()
#38 D:/new -1 tax/taxlegal/backend/vendor/laravel/framework/src/Illuminate/Foundation/resources/server.php(16): require_once('...')
#39 {main}
"} 
[2026-04-18 10:14:30] laravel.ERROR: Attempt to read property "id" on null {"exception":"[object] (ErrorException(code: 0): Attempt to read property \"id\" on null at D:/new -1 tax/taxlegal/backend/app/Http/Resources/PostResource.php:39)
[stacktrace]
#0 D:/new -1 tax/taxlegal/backend/vendor/laravel/framework/src/Illuminate/Foundation/Bootstrap/HandleExceptions.php(255): Illuminate/Foundation/Bootstrap/HandleExceptions->handleError()
#1 D:/new -1 tax/taxlegal/backend/app/Http/Resources/PostResource.php(39): Illuminate/Foundation/Bootstrap/HandleExceptions->{closure:Illuminate/Foundation/Bootstrap/HandleExceptions::forwardsTo():254}()
#2 D:/new -1 tax/taxlegal/backend/vendor/laravel/framework/src/Illuminate/Collections/HigherOrderCollectionProxy.php(60): App/Http/Resources/PostResource->toArray()
#3 [internal function]: Illuminate/Support/HigherOrderCollectionProxy->{closure:Illuminate/Support/HigherOrderCollectionProxy::__call():59}()
#4 D:/new -1 tax/taxlegal/backend/vendor/laravel/framework/src/Illuminate/Collections/Arr.php(600): array_map()
#5 D:/new -1 tax/taxlegal/backend/vendor/laravel/framework/src/Illuminate/Collections/Collection.php(778): Illuminate/Support/Arr::map()
#6 D:/new -1 tax/taxlegal/backend/vendor/laravel/framework/src/Illuminate/Collections/HigherOrderCollectionProxy.php(59): Illuminate/Support/Collection->map()
#7 D:/new -1 tax/taxlegal/backend/vendor/laravel/framework/src/Illuminate/Http/Resources/Json/ResourceCollection.php(102): Illuminate/Support/HigherOrderCollectionProxy->__call()
#8 D:/new -1 tax/taxlegal/backend/vendor/laravel/framework/src/Illuminate/Http/Resources/Json/JsonResource.php(108): Illuminate/Http/Resources/Json/ResourceCollection->toArray()
#9 D:/new -1 tax/taxlegal/backend/vendor/laravel/framework/src/Illuminate/Http/Resources/Json/JsonResource.php(255): Illuminate/Http/Resources/Json/JsonResource->resolve()
#10 [internal function]: Illuminate/Http/Resources/Json/JsonResource->jsonSerialize()
#11 D:/new -1 tax/taxlegal/backend/vendor/laravel/framework/src/Illuminate/Http/JsonResponse.php(84): json_encode()
#12 D:/new -1 tax/taxlegal/backend/vendor/symfony/http-foundation/JsonResponse.php(49): Illuminate/Http/JsonResponse->setData()
#13 D:/new -1 tax/taxlegal/backend/vendor/laravel/framework/src/Illuminate/Http/JsonResponse.php(32): Symfony/Component/HttpFoundation/JsonResponse->__construct()
#14 D:/new -1 tax/taxlegal/backend/vendor/laravel/framework/src/Illuminate/Routing/ResponseFactory.php(102): Illuminate/Http/JsonResponse->__construct()
#15 D:/new -1 tax/taxlegal/backend/app/Http/Controllers/Api/PostController.php(49): Illuminate/Routing/ResponseFactory->json()
#16 D:/new -1 tax/taxlegal/backend/vendor/laravel/framework/src/Illuminate/Routing/Controller.php(54): App/Http/Controllers/Api/PostController->index()
#17 D:/new -1 tax/taxlegal/backend/vendor/laravel/framework/src/Illuminate/Routing/ControllerDispatcher.php(43): Illuminate/Routing/Controller->callAction()
#18 D:/new -1 tax/taxlegal/backend/vendor/laravel/framework/src/Illuminate/Routing/Route.php(259): Illuminate/Routing/ControllerDispatcher->dispatch()
#19 D:/new -1 tax/taxlegal/backend/vendor/laravel/framework/src/Illuminate/Routing/Route.php(205): Illuminate/Routing/Route->runController()
#20 D:/new -1 tax/taxlegal/backend/vendor/laravel/framework/src/Illuminate/Routing/Router.php(806): Illuminate/Routing/Route->run()
#21 D:/new -1 tax/taxlegal/backend/vendor/laravel/framework/src/Illuminate/Pipeline/Pipeline.php(144): Illuminate/Routing/Router->{closure:Illuminate/Routing/Router::runRouteWithinStack():805}()
#22 D:/new -1 tax/taxlegal/backend/vendor/laravel/framework/src/Illuminate/Routing/Middleware/SubstituteBindings.php(50): Illuminate/Pipeline/Pipeline->{closure:Illuminate/Pipeline/Pipeline::prepareDestination():142}()
#23 D:/new -1 tax/taxlegal/backend/vendor/laravel/framework/src/Illuminate/Pipeline/Pipeline.php(183): Illuminate/Routing/Middleware/SubstituteBindings->handle()
#24 D:/new -1 tax/taxlegal/backend/vendor/laravel/framework/src/Illuminate/Routing/Middleware/ThrottleRequests.php(159): Illuminate/Pipeline/Pipeline->{closure:{closure:Illuminate/Pipeline/Pipeline::carry():158}:159}()
#25 D:/new -1 tax/taxlegal/backend/vendor/laravel/framework/src/Illuminate/Routing/Middleware/ThrottleRequests.php(125): Illuminate/Routing/Middleware/ThrottleRequests->handleRequest()
#26 D:/new -1 tax/taxlegal/backend/vendor/laravel/framework/src/Illuminate/Routing/Middleware/ThrottleRequests.php(87): Illuminate/Routing/Middleware/ThrottleRequests->handleRequestUsingNamedLimiter()
#27 D:/new -1 tax/taxlegal/backend/vendor/laravel/framework/src/Illuminate/Pipeline/Pipeline.php(183): Illuminate/Routing/Middleware/ThrottleRequests->handle()
#28 D:/new -1 tax/taxlegal/backend/vendor/laravel/framework/src/Illuminate/Pipeline/Pipeline.php(119): Illuminate/Pipeline/Pipeline->{closure:{closure:Illuminate/Pipeline/Pipeline::carry():158}:159}()
#29 D:/new -1 tax/taxlegal/backend/vendor/laravel/framework/src/Illuminate/Routing/Router.php(805): Illuminate/Pipeline/Pipeline->then()
#30 D:/new -1 tax/taxlegal/backend/vendor/laravel/framework/src/Illuminate/Routing/Router.php(784): Illuminate/Routing/Router->runRouteWithinStack()
#31 D:/new -1 tax/taxlegal/backend/vendor/laravel/framework/src/Illuminate/Routing/Router.php(748): Illuminate/Routing/Router->runRoute()
#32 D:/new -1 tax/taxlegal/backend/vendor/laravel/framework/src/Illuminate/Routing/Router.php(737): Illuminate/Routing/Router->dispatchToRoute()
#33 D:/new -1 tax/taxlegal/backend/vendor/laravel/framework/src/Illuminate/Foundation/Http/Kernel.php(200): Illuminate/Routing/Router->dispatch()
#34 D:/new -1 tax/taxlegal/backend/vendor/laravel/framework/src/Illuminate/Pipeline/Pipeline.php(144): Illuminate/Foundation/Http/Kernel->{closure:Illuminate/Foundation/Http/Kernel::dispatchToRouter():197}()
#35 D:/new -1 tax/taxlegal/backend/vendor/laravel/framework/src/Illuminate/Foundation/Http/Middleware/TransformsRequest.php(21): Illuminate/Pipeline/Pipeline->{closure:Illuminate/Pipeline/Pipeline::prepareDestination():142}()
#36 D:/new -1 tax/taxlegal/backend/vendor/laravel/framework/src/Illuminate/Foundation/Http/Middleware/ConvertEmptyStringsToNull.php(31): Illuminate/Foundation/Http/Middleware/TransformsRequest->handle()
#37 D:/new -1 tax/taxlegal/backend/vendor/laravel/framework/src/Illuminate/Pipeline/Pipeline.php(183): Illuminate/Foundation/Http/Middleware/ConvertEmptyStringsToNull->handle()
#38 D:/new -1 tax/taxlegal/backend/vendor/laravel/framework/src/Illuminate/Foundation/Http/Middleware/TransformsRequest.php(21): Illuminate/Pipeline/Pipeline->{closure:{closure:Illuminate/Pipeline/Pipeline::carry():158}:159}()
#39 D:/new -1 tax/taxlegal/backend/vendor/laravel/framework/src/Illuminate/Foundation/Http/Middleware/TrimStrings.php(40): Illuminate/Foundation/Http/Middleware/TransformsRequest->handle()
#40 D:/new -1 tax/taxlegal/backend/vendor/laravel/framework/src/Illuminate/Pipeline/Pipeline.php(183): Illuminate/Foundation/Http/Middleware/TrimStrings->handle()
#41 D:/new -1 tax/taxlegal/backend/vendor/laravel/framework/src/Illuminate/Foundation/Http/Middleware/ValidatePostSize.php(27): Illuminate/Pipeline/Pipeline->{closure:{closure:Illuminate/Pipeline/Pipeline::carry():158}:159}()
#42 D:/new -1 tax/taxlegal/backend/vendor/laravel/framework/src/Illuminate/Pipeline/Pipeline.php(183): Illuminate/Foundation/Http/Middleware/ValidatePostSize->handle()
#43 D:/new -1 tax/taxlegal/backend/vendor/laravel/framework/src/Illuminate/Foundation/Http/Middleware/PreventRequestsDuringMaintenance.php(99): Illuminate/Pipeline/Pipeline->{closure:{closure:Illuminate/Pipeline/Pipeline::carry():158}:159}()
#44 D:/new -1 tax/taxlegal/backend/vendor/laravel/framework/src/Illuminate/Pipeline/Pipeline.php(183): Illuminate/Foundation/Http/Middleware/PreventRequestsDuringMaintenance->handle()
#45 D:/new -1 tax/taxlegal/backend/vendor/laravel/framework/src/Illuminate/Http/Middleware/HandleCors.php(62): Illuminate/Pipeline/Pipeline->{closure:{closure:Illuminate/Pipeline/Pipeline::carry():158}:159}()
#46 D:/new -1 tax/taxlegal/backend/vendor/laravel/framework/src/Illuminate/Pipeline/Pipeline.php(183): Illuminate/Http/Middleware/HandleCors->handle()
#47 D:/new -1 tax/taxlegal/backend/vendor/laravel/framework/src/Illuminate/Http/Middleware/TrustProxies.php(39): Illuminate/Pipeline/Pipeline->{closure:{closure:Illuminate/Pipeline/Pipeline::carry():158}:159}()
#48 D:/new -1 tax/taxlegal/backend/vendor/laravel/framework/src/Illuminate/Pipeline/Pipeline.php(183): Illuminate/Http/Middleware/TrustProxies->handle()
#49 D:/new -1 tax/taxlegal/backend/vendor/laravel/framework/src/Illuminate/Pipeline/Pipeline.php(119): Illuminate/Pipeline/Pipeline->{closure:{closure:Illuminate/Pipeline/Pipeline::carry():158}:159}()
#50 D:/new -1 tax/taxlegal/backend/vendor/laravel/framework/src/Illuminate/Foundation/Http/Kernel.php(175): Illuminate/Pipeline/Pipeline->then()
#51 D:/new -1 tax/taxlegal/backend/vendor/laravel/framework/src/Illuminate/Foundation/Http/Kernel.php(144): Illuminate/Foundation/Http/Kernel->sendRequestThroughRouter()
#52 D:/new -1 tax/taxlegal/backend/public/index.php(50): Illuminate/Foundation/Http/Kernel->handle()
#53 D:/new -1 tax/taxlegal/backend/vendor/laravel/framework/src/Illuminate/Foundation/resources/server.php(16): require_once('...')
#54 {main}
"} 
[2026-04-18 10:14:30] laravel.EMERGENCY: Unable to create configured logger. Using emergency logger. {"exception":"[object] (InvalidArgumentException(code: 0): Log [] is not defined. at D:/new -1 tax/taxlegal/backend/vendor/laravel/framework/src/Illuminate/Log/LogManager.php:212)
[stacktrace]
#0 D:/new -1 tax/taxlegal/backend/vendor/laravel/framework/src/Illuminate/Log/LogManager.php(137): Illuminate/Log/LogManager->resolve()
#1 D:/new -1 tax/taxlegal/backend/vendor/laravel/framework/src/Illuminate/Log/LogManager.php(124): Illuminate/Log/LogManager->get()
#2 D:/new -1 tax/taxlegal/backend/vendor/laravel/framework/src/Illuminate/Log/LogManager.php(681): Illuminate/Log/LogManager->driver()
#3 D:/new -1 tax/taxlegal/backend/vendor/laravel/framework/src/Illuminate/Foundation/Exceptions/Handler.php(317): Illuminate/Log/LogManager->error()
#4 D:/new -1 tax/taxlegal/backend/vendor/laravel/framework/src/Illuminate/Foundation/Exceptions/Handler.php(278): Illuminate/Foundation/Exceptions/Handler->reportThrowable()
#5 D:/new -1 tax/taxlegal/backend/vendor/laravel/framework/src/Illuminate/Routing/Pipeline.php(49): Illuminate/Foundation/Exceptions/Handler->report()
#6 D:/new -1 tax/taxlegal/backend/vendor/laravel/framework/src/Illuminate/Pipeline/Pipeline.php(146): Illuminate/Routing/Pipeline->handleException()
#7 D:/new -1 tax/taxlegal/backend/vendor/laravel/framework/src/Illuminate/Routing/Middleware/SubstituteBindings.php(50): Illuminate/Pipeline/Pipeline->{closure:Illuminate/Pipeline/Pipeline::prepareDestination():142}()
#8 D:/new -1 tax/taxlegal/backend/vendor/laravel/framework/src/Illuminate/Pipeline/Pipeline.php(183): Illuminate/Routing/Middleware/SubstituteBindings->handle()
#9 D:/new -1 tax/taxlegal/backend/vendor/laravel/framework/src/Illuminate/Routing/Middleware/ThrottleRequests.php(159): Illuminate/Pipeline/Pipeline->{closure:{closure:Illuminate/Pipeline/Pipeline::carry():158}:159}()
#10 D:/new -1 tax/taxlegal/backend/vendor/laravel/framework/src/Illuminate/Routing/Middleware/ThrottleRequests.php(125): Illuminate/Routing/Middleware/ThrottleRequests->handleRequest()
#11 D:/new -1 tax/taxlegal/backend/vendor/laravel/framework/src/Illuminate/Routing/Middleware/ThrottleRequests.php(87): Illuminate/Routing/Middleware/ThrottleRequests->handleRequestUsingNamedLimiter()
#12 D:/new -1 tax/taxlegal/backend/vendor/laravel/framework/src/Illuminate/Pipeline/Pipeline.php(183): Illuminate/Routing/Middleware/ThrottleRequests->handle()
#13 D:/new -1 tax/taxlegal/backend/vendor/laravel/framework/src/Illuminate/Pipeline/Pipeline.php(119): Illuminate/Pipeline/Pipeline->{closure:{closure:Illuminate/Pipeline/Pipeline::carry():158}:159}()
#14 D:/new -1 tax/taxlegal/backend/vendor/laravel/framework/src/Illuminate/Routing/Router.php(805): Illuminate/Pipeline/Pipeline->then()
#15 D:/new -1 tax/taxlegal/backend/vendor/laravel/framework/src/Illuminate/Routing/Router.php(784): Illuminate/Routing/Router->runRouteWithinStack()
#16 D:/new -1 tax/taxlegal/backend/vendor/laravel/framework/src/Illuminate/Routing/Router.php(748): Illuminate/Routing/Router->runRoute()
#17 D:/new -1 tax/taxlegal/backend/vendor/laravel/framework/src/Illuminate/Routing/Router.php(737): Illuminate/Routing/Router->dispatchToRoute()
#18 D:/new -1 tax/taxlegal/backend/vendor/laravel/framework/src/Illuminate/Foundation/Http/Kernel.php(200): Illuminate/Routing/Router->dispatch()
#19 D:/new -1 tax/taxlegal/backend/vendor/laravel/framework/src/Illuminate/Pipeline/Pipeline.php(144): Illuminate/Foundation/Http/Kernel->{closure:Illuminate/Foundation/Http/Kernel::dispatchToRouter():197}()
#20 D:/new -1 tax/taxlegal/backend/vendor/laravel/framework/src/Illuminate/Foundation/Http/Middleware/TransformsRequest.php(21): Illuminate/Pipeline/Pipeline->{closure:Illuminate/Pipeline/Pipeline::prepareDestination():142}()
#21 D:/new -1 tax/taxlegal/backend/vendor/laravel/framework/src/Illuminate/Foundation/Http/Middleware/ConvertEmptyStringsToNull.php(31): Illuminate/Foundation/Http/Middleware/TransformsRequest->handle()
#22 D:/new -1 tax/taxlegal/backend/vendor/laravel/framework/src/Illuminate/Pipeline/Pipeline.php(183): Illuminate/Foundation/Http/Middleware/ConvertEmptyStringsToNull->handle()
#23 D:/new -1 tax/taxlegal/backend/vendor/laravel/framework/src/Illuminate/Foundation/Http/Middleware/TransformsRequest.php(21): Illuminate/Pipeline/Pipeline->{closure:{closure:Illuminate/Pipeline/Pipeline::carry():158}:159}()
#24 D:/new -1 tax/taxlegal/backend/vendor/laravel/framework/src/Illuminate/Foundation/Http/Middleware/TrimStrings.php(40): Illuminate/Foundation/Http/Middleware/TransformsRequest->handle()
#25 D:/new -1 tax/taxlegal/backend/vendor/laravel/framework/src/Illuminate/Pipeline/Pipeline.php(183): Illuminate/Foundation/Http/Middleware/TrimStrings->handle()
#26 D:/new -1 tax/taxlegal/backend/vendor/laravel/framework/src/Illuminate/Foundation/Http/Middleware/ValidatePostSize.php(27): Illuminate/Pipeline/Pipeline->{closure:{closure:Illuminate/Pipeline/Pipeline::carry():158}:159}()
#27 D:/new -1 tax/taxlegal/backend/vendor/laravel/framework/src/Illuminate/Pipeline/Pipeline.php(183): Illuminate/Foundation/Http/Middleware/ValidatePostSize->handle()
#28 D:/new -1 tax/taxlegal/backend/vendor/laravel/framework/src/Illuminate/Foundation/Http/Middleware/PreventRequestsDuringMaintenance.php(99): Illuminate/Pipeline/Pipeline->{closure:{closure:Illuminate/Pipeline/Pipeline::carry():158}:159}()
#29 D:/new -1 tax/taxlegal/backend/vendor/laravel/framework/src/Illuminate/Pipeline/Pipeline.php(183): Illuminate/Foundation/Http/Middleware/PreventRequestsDuringMaintenance->handle()
#30 D:/new -1 tax/taxlegal/backend/vendor/laravel/framework/src/Illuminate/Http/Middleware/HandleCors.php(62): Illuminate/Pipeline/Pipeline->{closure:{closure:Illuminate/Pipeline/Pipeline::carry():158}:159}()
#31 D:/new -1 tax/taxlegal/backend/vendor/laravel/framework/src/Illuminate/Pipeline/Pipeline.php(183): Illuminate/Http/Middleware/HandleCors->handle()
#32 D:/new -1 tax/taxlegal/backend/vendor/laravel/framework/src/Illuminate/Http/Middleware/TrustProxies.php(39): Illuminate/Pipeline/Pipeline->{closure:{closure:Illuminate/Pipeline/Pipeline::carry():158}:159}()
#33 D:/new -1 tax/taxlegal/backend/vendor/laravel/framework/src/Illuminate/Pipeline/Pipeline.php(183): Illuminate/Http/Middleware/TrustProxies->handle()
#34 D:/new -1 tax/taxlegal/backend/vendor/laravel/framework/src/Illuminate/Pipeline/Pipeline.php(119): Illuminate/Pipeline/Pipeline->{closure:{closure:Illuminate/Pipeline/Pipeline::carry():158}:159}()
#35 D:/new -1 tax/taxlegal/backend/vendor/laravel/framework/src/Illuminate/Foundation/Http/Kernel.php(175): Illuminate/Pipeline/Pipeline->then()
#36 D:/new -1 tax/taxlegal/backend/vendor/laravel/framework/src/Illuminate/Foundation/Http/Kernel.php(144): Illuminate/Foundation/Http/Kernel->sendRequestThroughRouter()
#37 D:/new -1 tax/taxlegal/backend/public/index.php(50): Illuminate/Foundation/Http/Kernel->handle()
#38 D:/new -1 tax/taxlegal/backend/vendor/laravel/framework/src/Illuminate/Foundation/resources/server.php(16): require_once('...')
#39 {main}
"} 
[2026-04-18 10:14:30] laravel.ERROR: Attempt to read property "id" on null {"exception":"[object] (ErrorException(code: 0): Attempt to read property \"id\" on null at D:/new -1 tax/taxlegal/backend/app/Http/Resources/PostResource.php:39)
[stacktrace]
#0 D:/new -1 tax/taxlegal/backend/vendor/laravel/framework/src/Illuminate/Foundation/Bootstrap/HandleExceptions.php(255): Illuminate/Foundation/Bootstrap/HandleExceptions->handleError()
#1 D:/new -1 tax/taxlegal/backend/app/Http/Resources/PostResource.php(39): Illuminate/Foundation/Bootstrap/HandleExceptions->{closure:Illuminate/Foundation/Bootstrap/HandleExceptions::forwardsTo():254}()
#2 D:/new -1 tax/taxlegal/backend/vendor/laravel/framework/src/Illuminate/Collections/HigherOrderCollectionProxy.php(60): App/Http/Resources/PostResource->toArray()
#3 [internal function]: Illuminate/Support/HigherOrderCollectionProxy->{closure:Illuminate/Support/HigherOrderCollectionProxy::__call():59}()
#4 D:/new -1 tax/taxlegal/backend/vendor/laravel/framework/src/Illuminate/Collections/Arr.php(600): array_map()
#5 D:/new -1 tax/taxlegal/backend/vendor/laravel/framework/src/Illuminate/Collections/Collection.php(778): Illuminate/Support/Arr::map()
#6 D:/new -1 tax/taxlegal/backend/vendor/laravel/framework/src/Illuminate/Collections/HigherOrderCollectionProxy.php(59): Illuminate/Support/Collection->map()
#7 D:/new -1 tax/taxlegal/backend/vendor/laravel/framework/src/Illuminate/Http/Resources/Json/ResourceCollection.php(102): Illuminate/Support/HigherOrderCollectionProxy->__call()
#8 D:/new -1 tax/taxlegal/backend/vendor/laravel/framework/src/Illuminate/Http/Resources/Json/JsonResource.php(108): Illuminate/Http/Resources/Json/ResourceCollection->toArray()
#9 D:/new -1 tax/taxlegal/backend/vendor/laravel/framework/src/Illuminate/Http/Resources/Json/JsonResource.php(255): Illuminate/Http/Resources/Json/JsonResource->resolve()
#10 [internal function]: Illuminate/Http/Resources/Json/JsonResource->jsonSerialize()
#11 D:/new -1 tax/taxlegal/backend/vendor/laravel/framework/src/Illuminate/Http/JsonResponse.php(84): json_encode()
#12 D:/new -1 tax/taxlegal/backend/vendor/symfony/http-foundation/JsonResponse.php(49): Illuminate/Http/JsonResponse->setData()
#13 D:/new -1 tax/taxlegal/backend/vendor/laravel/framework/src/Illuminate/Http/JsonResponse.php(32): Symfony/Component/HttpFoundation/JsonResponse->__construct()
#14 D:/new -1 tax/taxlegal/backend/vendor/laravel/framework/src/Illuminate/Routing/ResponseFactory.php(102): Illuminate/Http/JsonResponse->__construct()
#15 D:/new -1 tax/taxlegal/backend/app/Http/Controllers/Api/PostController.php(49): Illuminate/Routing/ResponseFactory->json()
#16 D:/new -1 tax/taxlegal/backend/vendor/laravel/framework/src/Illuminate/Routing/Controller.php(54): App/Http/Controllers/Api/PostController->index()
#17 D:/new -1 tax/taxlegal/backend/vendor/laravel/framework/src/Illuminate/Routing/ControllerDispatcher.php(43): Illuminate/Routing/Controller->callAction()
#18 D:/new -1 tax/taxlegal/backend/vendor/laravel/framework/src/Illuminate/Routing/Route.php(259): Illuminate/Routing/ControllerDispatcher->dispatch()
#19 D:/new -1 tax/taxlegal/backend/vendor/laravel/framework/src/Illuminate/Routing/Route.php(205): Illuminate/Routing/Route->runController()
#20 D:/new -1 tax/taxlegal/backend/vendor/laravel/framework/src/Illuminate/Routing/Router.php(806): Illuminate/Routing/Route->run()
#21 D:/new -1 tax/taxlegal/backend/vendor/laravel/framework/src/Illuminate/Pipeline/Pipeline.php(144): Illuminate/Routing/Router->{closure:Illuminate/Routing/Router::runRouteWithinStack():805}()
#22 D:/new -1 tax/taxlegal/backend/vendor/laravel/framework/src/Illuminate/Routing/Middleware/SubstituteBindings.php(50): Illuminate/Pipeline/Pipeline->{closure:Illuminate/Pipeline/Pipeline::prepareDestination():142}()
#23 D:/new -1 tax/taxlegal/backend/vendor/laravel/framework/src/Illuminate/Pipeline/Pipeline.php(183): Illuminate/Routing/Middleware/SubstituteBindings->handle()
#24 D:/new -1 tax/taxlegal/backend/vendor/laravel/framework/src/Illuminate/Routing/Middleware/ThrottleRequests.php(159): Illuminate/Pipeline/Pipeline->{closure:{closure:Illuminate/Pipeline/Pipeline::carry():158}:159}()
#25 D:/new -1 tax/taxlegal/backend/vendor/laravel/framework/src/Illuminate/Routing/Middleware/ThrottleRequests.php(125): Illuminate/Routing/Middleware/ThrottleRequests->handleRequest()
#26 D:/new -1 tax/taxlegal/backend/vendor/laravel/framework/src/Illuminate/Routing/Middleware/ThrottleRequests.php(87): Illuminate/Routing/Middleware/ThrottleRequests->handleRequestUsingNamedLimiter()
#27 D:/new -1 tax/taxlegal/backend/vendor/laravel/framework/src/Illuminate/Pipeline/Pipeline.php(183): Illuminate/Routing/Middleware/ThrottleRequests->handle()
#28 D:/new -1 tax/taxlegal/backend/vendor/laravel/framework/src/Illuminate/Pipeline/Pipeline.php(119): Illuminate/Pipeline/Pipeline->{closure:{closure:Illuminate/Pipeline/Pipeline::carry():158}:159}()
#29 D:/new -1 tax/taxlegal/backend/vendor/laravel/framework/src/Illuminate/Routing/Router.php(805): Illuminate/Pipeline/Pipeline->then()
#30 D:/new -1 tax/taxlegal/backend/vendor/laravel/framework/src/Illuminate/Routing/Router.php(784): Illuminate/Routing/Router->runRouteWithinStack()
#31 D:/new -1 tax/taxlegal/backend/vendor/laravel/framework/src/Illuminate/Routing/Router.php(748): Illuminate/Routing/Router->runRoute()
#32 D:/new -1 tax/taxlegal/backend/vendor/laravel/framework/src/Illuminate/Routing/Router.php(737): Illuminate/Routing/Router->dispatchToRoute()
#33 D:/new -1 tax/taxlegal/backend/vendor/laravel/framework/src/Illuminate/Foundation/Http/Kernel.php(200): Illuminate/Routing/Router->dispatch()
#34 D:/new -1 tax/taxlegal/backend/vendor/laravel/framework/src/Illuminate/Pipeline/Pipeline.php(144): Illuminate/Foundation/Http/Kernel->{closure:Illuminate/Foundation/Http/Kernel::dispatchToRouter():197}()
#35 D:/new -1 tax/taxlegal/backend/vendor/laravel/framework/src/Illuminate/Foundation/Http/Middleware/TransformsRequest.php(21): Illuminate/Pipeline/Pipeline->{closure:Illuminate/Pipeline/Pipeline::prepareDestination():142}()
#36 D:/new -1 tax/taxlegal/backend/vendor/laravel/framework/src/Illuminate/Foundation/Http/Middleware/ConvertEmptyStringsToNull.php(31): Illuminate/Foundation/Http/Middleware/TransformsRequest->handle()
#37 D:/new -1 tax/taxlegal/backend/vendor/laravel/framework/src/Illuminate/Pipeline/Pipeline.php(183): Illuminate/Foundation/Http/Middleware/ConvertEmptyStringsToNull->handle()
#38 D:/new -1 tax/taxlegal/backend/vendor/laravel/framework/src/Illuminate/Foundation/Http/Middleware/TransformsRequest.php(21): Illuminate/Pipeline/Pipeline->{closure:{closure:Illuminate/Pipeline/Pipeline::carry():158}:159}()
#39 D:/new -1 tax/taxlegal/backend/vendor/laravel/framework/src/Illuminate/Foundation/Http/Middleware/TrimStrings.php(40): Illuminate/Foundation/Http/Middleware/TransformsRequest->handle()
#40 D:/new -1 tax/taxlegal/backend/vendor/laravel/framework/src/Illuminate/Pipeline/Pipeline.php(183): Illuminate/Foundation/Http/Middleware/TrimStrings->handle()
#41 D:/new -1 tax/taxlegal/backend/vendor/laravel/framework/src/Illuminate/Foundation/Http/Middleware/ValidatePostSize.php(27): Illuminate/Pipeline/Pipeline->{closure:{closure:Illuminate/Pipeline/Pipeline::carry():158}:159}()
#42 D:/new -1 tax/taxlegal/backend/vendor/laravel/framework/src/Illuminate/Pipeline/Pipeline.php(183): Illuminate/Foundation/Http/Middleware/ValidatePostSize->handle()
#43 D:/new -1 tax/taxlegal/backend/vendor/laravel/framework/src/Illuminate/Foundation/Http/Middleware/PreventRequestsDuringMaintenance.php(99): Illuminate/Pipeline/Pipeline->{closure:{closure:Illuminate/Pipeline/Pipeline::carry():158}:159}()
#44 D:/new -1 tax/taxlegal/backend/vendor/laravel/framework/src/Illuminate/Pipeline/Pipeline.php(183): Illuminate/Foundation/Http/Middleware/PreventRequestsDuringMaintenance->handle()
#45 D:/new -1 tax/taxlegal/backend/vendor/laravel/framework/src/Illuminate/Http/Middleware/HandleCors.php(62): Illuminate/Pipeline/Pipeline->{closure:{closure:Illuminate/Pipeline/Pipeline::carry():158}:159}()
#46 D:/new -1 tax/taxlegal/backend/vendor/laravel/framework/src/Illuminate/Pipeline/Pipeline.php(183): Illuminate/Http/Middleware/HandleCors->handle()
#47 D:/new -1 tax/taxlegal/backend/vendor/laravel/framework/src/Illuminate/Http/Middleware/TrustProxies.php(39): Illuminate/Pipeline/Pipeline->{closure:{closure:Illuminate/Pipeline/Pipeline::carry():158}:159}()
#48 D:/new -1 tax/taxlegal/backend/vendor/laravel/framework/src/Illuminate/Pipeline/Pipeline.php(183): Illuminate/Http/Middleware/TrustProxies->handle()
#49 D:/new -1 tax/taxlegal/backend/vendor/laravel/framework/src/Illuminate/Pipeline/Pipeline.php(119): Illuminate/Pipeline/Pipeline->{closure:{closure:Illuminate/Pipeline/Pipeline::carry():158}:159}()
#50 D:/new -1 tax/taxlegal/backend/vendor/laravel/framework/src/Illuminate/Foundation/Http/Kernel.php(175): Illuminate/Pipeline/Pipeline->then()
#51 D:/new -1 tax/taxlegal/backend/vendor/laravel/framework/src/Illuminate/Foundation/Http/Kernel.php(144): Illuminate/Foundation/Http/Kernel->sendRequestThroughRouter()
#52 D:/new -1 tax/taxlegal/backend/public/index.php(50): Illuminate/Foundation/Http/Kernel->handle()
#53 D:/new -1 tax/taxlegal/backend/vendor/laravel/framework/src/Illuminate/Foundation/resources/server.php(16): require_once('...')
#54 {main}
"} 
[2026-05-13 05:13:56] laravel.EMERGENCY: Unable to create configured logger. Using emergency logger. {"exception":"[object] (InvalidArgumentException(code: 0): Log [] is not defined. at D:/new -1 tax/taxlegal/backend/vendor/laravel/framework/src/Illuminate/Log/LogManager.php:212)
[stacktrace]
#0 D:/new -1 tax/taxlegal/backend/vendor/laravel/framework/src/Illuminate/Log/LogManager.php(137): Illuminate/Log/LogManager->resolve()
#1 D:/new -1 tax/taxlegal/backend/vendor/laravel/framework/src/Illuminate/Log/LogManager.php(124): Illuminate/Log/LogManager->get()
#2 D:/new -1 tax/taxlegal/backend/vendor/laravel/framework/src/Illuminate/Log/LogManager.php(681): Illuminate/Log/LogManager->driver()
#3 D:/new -1 tax/taxlegal/backend/vendor/laravel/framework/src/Illuminate/Foundation/Exceptions/Handler.php(317): Illuminate/Log/LogManager->error()
#4 D:/new -1 tax/taxlegal/backend/vendor/laravel/framework/src/Illuminate/Foundation/Exceptions/Handler.php(278): Illuminate/Foundation/Exceptions/Handler->reportThrowable()
#5 D:/new -1 tax/taxlegal/backend/vendor/nunomaduro/collision/src/Adapters/Laravel/ExceptionHandler.php(46): Illuminate/Foundation/Exceptions/Handler->report()
#6 D:/new -1 tax/taxlegal/backend/vendor/laravel/framework/src/Illuminate/Foundation/Console/Kernel.php(523): NunoMaduro/Collision/Adapters/Laravel/ExceptionHandler->report()
#7 D:/new -1 tax/taxlegal/backend/vendor/laravel/framework/src/Illuminate/Foundation/Console/Kernel.php(203): Illuminate/Foundation/Console/Kernel->reportException()
#8 D:/new -1 tax/taxlegal/backend/artisan(35): Illuminate/Foundation/Console/Kernel->handle()
#9 {main}
"} 
[2026-05-13 05:13:56] laravel.ERROR: SQLSTATE[HY000] [2002] php_network_getaddresses: getaddrinfo for taxlegal-db.railway.internal failed: No such host is known (Connection: mysql, SQL: select table_name as `name`, (data_length + index_length) as `size`, table_comment as `comment`, engine as `engine`, table_collation as `collation` from information_schema.tables where table_schema = 'taxlegal_blog' and table_type in ('BASE TABLE', 'SYSTEM VERSIONED') order by table_name) {"exception":"[object] (Illuminate\\Database\\QueryException(code: 2002): SQLSTATE[HY000] [2002] php_network_getaddresses: getaddrinfo for taxlegal-db.railway.internal failed: No such host is known (Connection: mysql, SQL: select table_name as `name`, (data_length + index_length) as `size`, table_comment as `comment`, engine as `engine`, table_collation as `collation` from information_schema.tables where table_schema = 'taxlegal_blog' and table_type in ('BASE TABLE', 'SYSTEM VERSIONED') order by table_name) at D:/new -1 tax/taxlegal/backend/vendor/laravel/framework/src/Illuminate/Database/Connection.php:829)
[stacktrace]
#0 D:/new -1 tax/taxlegal/backend/vendor/laravel/framework/src/Illuminate/Database/Connection.php(983): Illuminate/Database/Connection->runQueryCallback()
#1 D:/new -1 tax/taxlegal/backend/vendor/laravel/framework/src/Illuminate/Database/Connection.php(962): Illuminate/Database/Connection->tryAgainIfCausedByLostConnection()
#2 D:/new -1 tax/taxlegal/backend/vendor/laravel/framework/src/Illuminate/Database/Connection.php(785): Illuminate/Database/Connection->handleQueryException()
#3 D:/new -1 tax/taxlegal/backend/vendor/laravel/framework/src/Illuminate/Database/Connection.php(414): Illuminate/Database/Connection->run()
#4 D:/new -1 tax/taxlegal/backend/vendor/laravel/framework/src/Illuminate/Database/Connection.php(401): Illuminate/Database/Connection->select()
#5 D:/new -1 tax/taxlegal/backend/vendor/laravel/framework/src/Illuminate/Database/Schema/MySqlBuilder.php(41): Illuminate/Database/Connection->selectFromWriteConnection()
#6 D:/new -1 tax/taxlegal/backend/vendor/laravel/framework/src/Illuminate/Database/Schema/Builder.php(165): Illuminate/Database/Schema/MySqlBuilder->getTables()
#7 D:/new -1 tax/taxlegal/backend/vendor/laravel/framework/src/Illuminate/Database/Migrations/DatabaseMigrationRepository.php(184): Illuminate/Database/Schema/Builder->hasTable()
#8 D:/new -1 tax/taxlegal/backend/vendor/laravel/framework/src/Illuminate/Database/Migrations/Migrator.php(727): Illuminate/Database/Migrations/DatabaseMigrationRepository->repositoryExists()
#9 D:/new -1 tax/taxlegal/backend/vendor/laravel/framework/src/Illuminate/Database/Console/Migrations/MigrateCommand.php(140): Illuminate/Database/Migrations/Migrator->repositoryExists()
#10 D:/new -1 tax/taxlegal/backend/vendor/laravel/framework/src/Illuminate/Support/helpers.php(261): Illuminate/Database/Console/Migrations/MigrateCommand->{closure:Illuminate/Database/Console/Migrations/MigrateCommand::repositoryExists():140}()
#11 D:/new -1 tax/taxlegal/backend/vendor/laravel/framework/src/Illuminate/Database/Console/Migrations/MigrateCommand.php(140): retry()
#12 D:/new -1 tax/taxlegal/backend/vendor/laravel/framework/src/Illuminate/Database/Console/Migrations/MigrateCommand.php(116): Illuminate/Database/Console/Migrations/MigrateCommand->repositoryExists()
#13 D:/new -1 tax/taxlegal/backend/vendor/laravel/framework/src/Illuminate/Database/Console/Migrations/MigrateCommand.php(84): Illuminate/Database/Console/Migrations/MigrateCommand->prepareDatabase()
#14 D:/new -1 tax/taxlegal/backend/vendor/laravel/framework/src/Illuminate/Database/Migrations/Migrator.php(641): Illuminate/Database/Console/Migrations/MigrateCommand->{closure:Illuminate/Database/Console/Migrations/MigrateCommand::handle():83}()
#15 D:/new -1 tax/taxlegal/backend/vendor/laravel/framework/src/Illuminate/Database/Console/Migrations/MigrateCommand.php(83): Illuminate/Database/Migrations/Migrator->usingConnection()
#16 D:/new -1 tax/taxlegal/backend/vendor/laravel/framework/src/Illuminate/Container/BoundMethod.php(36): Illuminate/Database/Console/Migrations/MigrateCommand->handle()
#17 D:/new -1 tax/taxlegal/backend/vendor/laravel/framework/src/Illuminate/Container/Util.php(41): Illuminate/Container/BoundMethod::{closure:Illuminate/Container/BoundMethod::call():35}()
#18 D:/new -1 tax/taxlegal/backend/vendor/laravel/framework/src/Illuminate/Container/BoundMethod.php(93): Illuminate/Container/Util::unwrapIfClosure()
#19 D:/new -1 tax/taxlegal/backend/vendor/laravel/framework/src/Illuminate/Container/BoundMethod.php(35): Illuminate/Container/BoundMethod::callBoundMethod()
#20 D:/new -1 tax/taxlegal/backend/vendor/laravel/framework/src/Illuminate/Container/Container.php(662): Illuminate/Container/BoundMethod::call()
#21 D:/new -1 tax/taxlegal/backend/vendor/laravel/framework/src/Illuminate/Console/Command.php(211): Illuminate/Container/Container->call()
#22 D:/new -1 tax/taxlegal/backend/vendor/symfony/console/Command/Command.php(326): Illuminate/Console/Command->execute()
#23 D:/new -1 tax/taxlegal/backend/vendor/laravel/framework/src/Illuminate/Console/Command.php(180): Symfony/Component/Console/Command/Command->run()
#24 D:/new -1 tax/taxlegal/backend/vendor/symfony/console/Application.php(1121): Illuminate/Console/Command->run()
#25 D:/new -1 tax/taxlegal/backend/vendor/symfony/console/Application.php(324): Symfony/Component/Console/Application->doRunCommand()
#26 D:/new -1 tax/taxlegal/backend/vendor/symfony/console/Application.php(175): Symfony/Component/Console/Application->doRun()
#27 D:/new -1 tax/taxlegal/backend/vendor/laravel/framework/src/Illuminate/Foundation/Console/Kernel.php(201): Symfony/Component/Console/Application->run()
#28 D:/new -1 tax/taxlegal/backend/artisan(35): Illuminate/Foundation/Console/Kernel->handle()
#29 {main}

[previous exception] [object] (PDOException(code: 2002): SQLSTATE[HY000] [2002] php_network_getaddresses: getaddrinfo for taxlegal-db.railway.internal failed: No such host is known at D:/new -1 tax/taxlegal/backend/vendor/laravel/framework/src/Illuminate/Database/Connectors/Connector.php:65)
[stacktrace]
#0 D:/new -1 tax/taxlegal/backend/vendor/laravel/framework/src/Illuminate/Database/Connectors/Connector.php(65): PDO->__construct()
#1 D:/new -1 tax/taxlegal/backend/vendor/laravel/framework/src/Illuminate/Database/Connectors/Connector.php(83): Illuminate/Database/Connectors/Connector->createPdoConnection()
#2 D:/new -1 tax/taxlegal/backend/vendor/laravel/framework/src/Illuminate/Database/Connectors/Connector.php(48): Illuminate/Database/Connectors/Connector->tryAgainIfCausedByLostConnection()
#3 D:/new -1 tax/taxlegal/backend/vendor/laravel/framework/src/Illuminate/Database/Connectors/MySqlConnector.php(24): Illuminate/Database/Connectors/Connector->createConnection()
#4 D:/new -1 tax/taxlegal/backend/vendor/laravel/framework/src/Illuminate/Database/Connectors/ConnectionFactory.php(184): Illuminate/Database/Connectors/MySqlConnector->connect()
#5 [internal function]: Illuminate/Database/Connectors/ConnectionFactory->{closure:Illuminate/Database/Connectors/ConnectionFactory::createPdoResolverWithHosts():179}()
#6 D:/new -1 tax/taxlegal/backend/vendor/laravel/framework/src/Illuminate/Database/Connection.php(1339): call_user_func()
#7 D:/new -1 tax/taxlegal/backend/vendor/laravel/framework/src/Illuminate/Database/Connection.php(528): Illuminate/Database/Connection->getPdo()
#8 D:/new -1 tax/taxlegal/backend/vendor/laravel/framework/src/Illuminate/Database/Connection.php(423): Illuminate/Database/Connection->getPdoForSelect()
#9 D:/new -1 tax/taxlegal/backend/vendor/laravel/framework/src/Illuminate/Database/Connection.php(816): Illuminate/Database/Connection->{closure:Illuminate/Database/Connection::select():414}()
#10 D:/new -1 tax/taxlegal/backend/vendor/laravel/framework/src/Illuminate/Database/Connection.php(983): Illuminate/Database/Connection->runQueryCallback()
#11 D:/new -1 tax/taxlegal/backend/vendor/laravel/framework/src/Illuminate/Database/Connection.php(962): Illuminate/Database/Connection->tryAgainIfCausedByLostConnection()
#12 D:/new -1 tax/taxlegal/backend/vendor/laravel/framework/src/Illuminate/Database/Connection.php(785): Illuminate/Database/Connection->handleQueryException()
#13 D:/new -1 tax/taxlegal/backend/vendor/laravel/framework/src/Illuminate/Database/Connection.php(414): Illuminate/Database/Connection->run()
#14 D:/new -1 tax/taxlegal/backend/vendor/laravel/framework/src/Illuminate/Database/Connection.php(401): Illuminate/Database/Connection->select()
#15 D:/new -1 tax/taxlegal/backend/vendor/laravel/framework/src/Illuminate/Database/Schema/MySqlBuilder.php(41): Illuminate/Database/Connection->selectFromWriteConnection()
#16 D:/new -1 tax/taxlegal/backend/vendor/laravel/framework/src/Illuminate/Database/Schema/Builder.php(165): Illuminate/Database/Schema/MySqlBuilder->getTables()
#17 D:/new -1 tax/taxlegal/backend/vendor/laravel/framework/src/Illuminate/Database/Migrations/DatabaseMigrationRepository.php(184): Illuminate/Database/Schema/Builder->hasTable()
#18 D:/new -1 tax/taxlegal/backend/vendor/laravel/framework/src/Illuminate/Database/Migrations/Migrator.php(727): Illuminate/Database/Migrations/DatabaseMigrationRepository->repositoryExists()
#19 D:/new -1 tax/taxlegal/backend/vendor/laravel/framework/src/Illuminate/Database/Console/Migrations/MigrateCommand.php(140): Illuminate/Database/Migrations/Migrator->repositoryExists()
#20 D:/new -1 tax/taxlegal/backend/vendor/laravel/framework/src/Illuminate/Support/helpers.php(261): Illuminate/Database/Console/Migrations/MigrateCommand->{closure:Illuminate/Database/Console/Migrations/MigrateCommand::repositoryExists():140}()
#21 D:/new -1 tax/taxlegal/backend/vendor/laravel/framework/src/Illuminate/Database/Console/Migrations/MigrateCommand.php(140): retry()
#22 D:/new -1 tax/taxlegal/backend/vendor/laravel/framework/src/Illuminate/Database/Console/Migrations/MigrateCommand.php(116): Illuminate/Database/Console/Migrations/MigrateCommand->repositoryExists()
#23 D:/new -1 tax/taxlegal/backend/vendor/laravel/framework/src/Illuminate/Database/Console/Migrations/MigrateCommand.php(84): Illuminate/Database/Console/Migrations/MigrateCommand->prepareDatabase()
#24 D:/new -1 tax/taxlegal/backend/vendor/laravel/framework/src/Illuminate/Database/Migrations/Migrator.php(641): Illuminate/Database/Console/Migrations/MigrateCommand->{closure:Illuminate/Database/Console/Migrations/MigrateCommand::handle():83}()
#25 D:/new -1 tax/taxlegal/backend/vendor/laravel/framework/src/Illuminate/Database/Console/Migrations/MigrateCommand.php(83): Illuminate/Database/Migrations/Migrator->usingConnection()
#26 D:/new -1 tax/taxlegal/backend/vendor/laravel/framework/src/Illuminate/Container/BoundMethod.php(36): Illuminate/Database/Console/Migrations/MigrateCommand->handle()
#27 D:/new -1 tax/taxlegal/backend/vendor/laravel/framework/src/Illuminate/Container/Util.php(41): Illuminate/Container/BoundMethod::{closure:Illuminate/Container/BoundMethod::call():35}()
#28 D:/new -1 tax/taxlegal/backend/vendor/laravel/framework/src/Illuminate/Container/BoundMethod.php(93): Illuminate/Container/Util::unwrapIfClosure()
#29 D:/new -1 tax/taxlegal/backend/vendor/laravel/framework/src/Illuminate/Container/BoundMethod.php(35): Illuminate/Container/BoundMethod::callBoundMethod()
#30 D:/new -1 tax/taxlegal/backend/vendor/laravel/framework/src/Illuminate/Container/Container.php(662): Illuminate/Container/BoundMethod::call()
#31 D:/new -1 tax/taxlegal/backend/vendor/laravel/framework/src/Illuminate/Console/Command.php(211): Illuminate/Container/Container->call()
#32 D:/new -1 tax/taxlegal/backend/vendor/symfony/console/Command/Command.php(326): Illuminate/Console/Command->execute()
#33 D:/new -1 tax/taxlegal/backend/vendor/laravel/framework/src/Illuminate/Console/Command.php(180): Symfony/Component/Console/Command/Command->run()
#34 D:/new -1 tax/taxlegal/backend/vendor/symfony/console/Application.php(1121): Illuminate/Console/Command->run()
#35 D:/new -1 tax/taxlegal/backend/vendor/symfony/console/Application.php(324): Symfony/Component/Console/Application->doRunCommand()
#36 D:/new -1 tax/taxlegal/backend/vendor/symfony/console/Application.php(175): Symfony/Component/Console/Application->doRun()
#37 D:/new -1 tax/taxlegal/backend/vendor/laravel/framework/src/Illuminate/Foundation/Console/Kernel.php(201): Symfony/Component/Console/Application->run()
#38 D:/new -1 tax/taxlegal/backend/artisan(35): Illuminate/Foundation/Console/Kernel->handle()
#39 {main}

[previous exception] [object] (PDOException(code: 0): PDO::__construct(): php_network_getaddresses: getaddrinfo for taxlegal-db.railway.internal failed: No such host is known at D:/new -1 tax/taxlegal/backend/vendor/laravel/framework/src/Illuminate/Database/Connectors/Connector.php:65)
[stacktrace]
#0 D:/new -1 tax/taxlegal/backend/vendor/laravel/framework/src/Illuminate/Database/Connectors/Connector.php(65): PDO->__construct()
#1 D:/new -1 tax/taxlegal/backend/vendor/laravel/framework/src/Illuminate/Database/Connectors/Connector.php(83): Illuminate/Database/Connectors/Connector->createPdoConnection()
#2 D:/new -1 tax/taxlegal/backend/vendor/laravel/framework/src/Illuminate/Database/Connectors/Connector.php(48): Illuminate/Database/Connectors/Connector->tryAgainIfCausedByLostConnection()
#3 D:/new -1 tax/taxlegal/backend/vendor/laravel/framework/src/Illuminate/Database/Connectors/MySqlConnector.php(24): Illuminate/Database/Connectors/Connector->createConnection()
#4 D:/new -1 tax/taxlegal/backend/vendor/laravel/framework/src/Illuminate/Database/Connectors/ConnectionFactory.php(184): Illuminate/Database/Connectors/MySqlConnector->connect()
#5 [internal function]: Illuminate/Database/Connectors/ConnectionFactory->{closure:Illuminate/Database/Connectors/ConnectionFactory::createPdoResolverWithHosts():179}()
#6 D:/new -1 tax/taxlegal/backend/vendor/laravel/framework/src/Illuminate/Database/Connection.php(1339): call_user_func()
#7 D:/new -1 tax/taxlegal/backend/vendor/laravel/framework/src/Illuminate/Database/Connection.php(528): Illuminate/Database/Connection->getPdo()
#8 D:/new -1 tax/taxlegal/backend/vendor/laravel/framework/src/Illuminate/Database/Connection.php(423): Illuminate/Database/Connection->getPdoForSelect()
#9 D:/new -1 tax/taxlegal/backend/vendor/laravel/framework/src/Illuminate/Database/Connection.php(816): Illuminate/Database/Connection->{closure:Illuminate/Database/Connection::select():414}()
#10 D:/new -1 tax/taxlegal/backend/vendor/laravel/framework/src/Illuminate/Database/Connection.php(983): Illuminate/Database/Connection->runQueryCallback()
#11 D:/new -1 tax/taxlegal/backend/vendor/laravel/framework/src/Illuminate/Database/Connection.php(962): Illuminate/Database/Connection->tryAgainIfCausedByLostConnection()
#12 D:/new -1 tax/taxlegal/backend/vendor/laravel/framework/src/Illuminate/Database/Connection.php(785): Illuminate/Database/Connection->handleQueryException()
#13 D:/new -1 tax/taxlegal/backend/vendor/laravel/framework/src/Illuminate/Database/Connection.php(414): Illuminate/Database/Connection->run()
#14 D:/new -1 tax/taxlegal/backend/vendor/laravel/framework/src/Illuminate/Database/Connection.php(401): Illuminate/Database/Connection->select()
#15 D:/new -1 tax/taxlegal/backend/vendor/laravel/framework/src/Illuminate/Database/Schema/MySqlBuilder.php(41): Illuminate/Database/Connection->selectFromWriteConnection()
#16 D:/new -1 tax/taxlegal/backend/vendor/laravel/framework/src/Illuminate/Database/Schema/Builder.php(165): Illuminate/Database/Schema/MySqlBuilder->getTables()
#17 D:/new -1 tax/taxlegal/backend/vendor/laravel/framework/src/Illuminate/Database/Migrations/DatabaseMigrationRepository.php(184): Illuminate/Database/Schema/Builder->hasTable()
#18 D:/new -1 tax/taxlegal/backend/vendor/laravel/framework/src/Illuminate/Database/Migrations/Migrator.php(727): Illuminate/Database/Migrations/DatabaseMigrationRepository->repositoryExists()
#19 D:/new -1 tax/taxlegal/backend/vendor/laravel/framework/src/Illuminate/Database/Console/Migrations/MigrateCommand.php(140): Illuminate/Database/Migrations/Migrator->repositoryExists()
#20 D:/new -1 tax/taxlegal/backend/vendor/laravel/framework/src/Illuminate/Support/helpers.php(261): Illuminate/Database/Console/Migrations/MigrateCommand->{closure:Illuminate/Database/Console/Migrations/MigrateCommand::repositoryExists():140}()
#21 D:/new -1 tax/taxlegal/backend/vendor/laravel/framework/src/Illuminate/Database/Console/Migrations/MigrateCommand.php(140): retry()
#22 D:/new -1 tax/taxlegal/backend/vendor/laravel/framework/src/Illuminate/Database/Console/Migrations/MigrateCommand.php(116): Illuminate/Database/Console/Migrations/MigrateCommand->repositoryExists()
#23 D:/new -1 tax/taxlegal/backend/vendor/laravel/framework/src/Illuminate/Database/Console/Migrations/MigrateCommand.php(84): Illuminate/Database/Console/Migrations/MigrateCommand->prepareDatabase()
#24 D:/new -1 tax/taxlegal/backend/vendor/laravel/framework/src/Illuminate/Database/Migrations/Migrator.php(641): Illuminate/Database/Console/Migrations/MigrateCommand->{closure:Illuminate/Database/Console/Migrations/MigrateCommand::handle():83}()
#25 D:/new -1 tax/taxlegal/backend/vendor/laravel/framework/src/Illuminate/Database/Console/Migrations/MigrateCommand.php(83): Illuminate/Database/Migrations/Migrator->usingConnection()
#26 D:/new -1 tax/taxlegal/backend/vendor/laravel/framework/src/Illuminate/Container/BoundMethod.php(36): Illuminate/Database/Console/Migrations/MigrateCommand->handle()
#27 D:/new -1 tax/taxlegal/backend/vendor/laravel/framework/src/Illuminate/Container/Util.php(41): Illuminate/Container/BoundMethod::{closure:Illuminate/Container/BoundMethod::call():35}()
#28 D:/new -1 tax/taxlegal/backend/vendor/laravel/framework/src/Illuminate/Container/BoundMethod.php(93): Illuminate/Container/Util::unwrapIfClosure()
#29 D:/new -1 tax/taxlegal/backend/vendor/laravel/framework/src/Illuminate/Container/BoundMethod.php(35): Illuminate/Container/BoundMethod::callBoundMethod()
#30 D:/new -1 tax/taxlegal/backend/vendor/laravel/framework/src/Illuminate/Container/Container.php(662): Illuminate/Container/BoundMethod::call()
#31 D:/new -1 tax/taxlegal/backend/vendor/laravel/framework/src/Illuminate/Console/Command.php(211): Illuminate/Container/Container->call()
#32 D:/new -1 tax/taxlegal/backend/vendor/symfony/console/Command/Command.php(326): Illuminate/Console/Command->execute()
#33 D:/new -1 tax/taxlegal/backend/vendor/laravel/framework/src/Illuminate/Console/Command.php(180): Symfony/Component/Console/Command/Command->run()
#34 D:/new -1 tax/taxlegal/backend/vendor/symfony/console/Application.php(1121): Illuminate/Console/Command->run()
#35 D:/new -1 tax/taxlegal/backend/vendor/symfony/console/Application.php(324): Symfony/Component/Console/Application->doRunCommand()
#36 D:/new -1 tax/taxlegal/backend/vendor/symfony/console/Application.php(175): Symfony/Component/Console/Application->doRun()
#37 D:/new -1 tax/taxlegal/backend/vendor/laravel/framework/src/Illuminate/Foundation/Console/Kernel.php(201): Symfony/Component/Console/Application->run()
#38 D:/new -1 tax/taxlegal/backend/artisan(35): Illuminate/Foundation/Console/Kernel->handle()
#39 {main}
"} 
